Year,Month,Region,Cases,Data_Source,Notes
2021,1,KAB BANTUL,60,historical_2021_2024,
2021,1,KAB GUNUNG KIDUL,0,historical_2021_2024,
2021,1,KAB KULON PROGO,5,historical_2021_2024,
2021,1,KAB SLEMAN,16,historical_2021_2024,
2021,1,KOTA YOGYAKARTA,0,historical_2021_2024,
2021,2,KAB BANTUL,29,historical_2021_2024,
2021,2,KAB GUNUNG KIDUL,0,historical_2021_2024,
2021,2,KAB KULON PROGO,9,historical_2021_2024,
2021,2,KAB SLEMAN,4,historical_2021_2024,
2021,2,KOTA YOGYAKARTA,0,historical_2021_2024,
2021,3,KAB BANTUL,51,historical_2021_2024,
2021,3,KAB GUNUNG KIDUL,4,historical_2021_2024,
2021,3,KAB KULON PROGO,14,historical_2021_2024,
2021,3,KAB SLEMAN,29,historical_2021_2024,
2021,3,KOTA YOGYAKARTA,3,historical_2021_2024,
2021,4,KAB BANTUL,52,historical_2021_2024,
2021,4,KAB GUNUNG KIDUL,2,historical_2021_2024,
2021,4,KAB KULON PROGO,12,historical_2021_2024,
2021,4,KAB SLEMAN,74,historical_2021_2024,
2021,4,KOTA YOGYAKARTA,11,historical_2021_2024,
2021,5,KAB BANTUL,51,historical_2021_2024,
2021,5,KAB GUNUNG KIDUL,4,historical_2021_2024,
2021,5,KAB KULON PROGO,13,historical_2021_2024,
2021,5,KAB SLEMAN,79,historical_2021_2024,
2021,5,KOTA YOGYAKARTA,2,historical_2021_2024,
2021,6,KAB BANTUL,47,historical_2021_2024,
2021,6,KAB GUNUNG KIDUL,2,historical_2021_2024,
2021,6,KAB KULON PROGO,15,historical_2021_2024,
2021,6,KAB SLEMAN,46,historical_2021_2024,
2021,6,KOTA YOGYAKARTA,9,historical_2021_2024,
2021,7,KAB BANTUL,26,historical_2021_2024,
2021,7,KAB GUNUNG KIDUL,1,historical_2021_2024,
2021,7,KAB KULON PROGO,2,historical_2021_2024,
2021,7,KAB SLEMAN,43,historical_2021_2024,
2021,7,KOTA YOGYAKARTA,0,historical_2021_2024,
2021,8,KAB BANTUL,34,historical_2021_2024,
2021,8,KAB GUNUNG KIDUL,1,historical_2021_2024,
2021,8,KAB KULON PROGO,0,historical_2021_2024,
2021,8,KAB SLEMAN,33,historical_2021_2024,
2021,8,KOTA YOGYAKARTA,6,historical_2021_2024,
2021,9,KAB BANTUL,60,historical_2021_2024,
2021,9,KAB GUNUNG KIDUL,3,historical_2021_2024,
2021,9,KAB KULON PROGO,3,historical_2021_2024,
2021,9,KAB SLEMAN,35,historical_2021_2024,
2021,9,KOTA YOGYAKARTA,4,historical_2021_2024,
2021,10,KAB BANTUL,49,historical_2021_2024,
2021,10,KAB GUNUNG KIDUL,6,historical_2021_2024,
2021,10,KAB KULON PROGO,4,historical_2021_2024,
2021,10,KAB SLEMAN,48,historical_2021_2024,
2021,10,KOTA YOGYAKARTA,6,historical_2021_2024,
2021,11,KAB BANTUL,151,historical_2021_2024,
2021,11,KAB GUNUNG KIDUL,33,historical_2021_2024,
2021,11,KAB KULON PROGO,9,historical_2021_2024,
2021,11,KAB SLEMAN,56,historical_2021_2024,
2021,11,KOTA YOGYAKARTA,22,historical_2021_2024,
2021,12,KAB BANTUL,93,historical_2021_2024,
2021,12,KAB GUNUNG KIDUL,33,historical_2021_2024,
2021,12,KAB KULON PROGO,20,historical_2021_2024,
2021,12,KAB SLEMAN,28,historical_2021_2024,
2021,12,KOTA YOGYAKARTA,13,historical_2021_2024,
2022,1,KAB BANTUL,150,historical_2021_2024,
2022,1,KAB GUNUNG KIDUL,50,historical_2021_2024,
2022,1,KAB KULON PROGO,83,historical_2021_2024,
2022,1,KAB SLEMAN,81,historical_2021_2024,
2022,1,KOTA YOGYAKARTA,28,historical_2021_2024,
2022,2,KAB BANTUL,66,historical_2021_2024,
2022,2,KAB GUNUNG KIDUL,15,historical_2021_2024,
2022,2,KAB KULON PROGO,9,historical_2021_2024,
2022,2,KAB SLEMAN,20,historical_2021_2024,
2022,2,KOTA YOGYAKARTA,4,historical_2021_2024,
2022,3,KAB BANTUL,69,historical_2021_2024,
2022,3,KAB GUNUNG KIDUL,13,historical_2021_2024,
2022,3,KAB KULON PROGO,16,historical_2021_2024,
2022,3,KAB SLEMAN,30,historical_2021_2024,
2022,3,KOTA YOGYAKARTA,7,historical_2021_2024,
2022,4,KAB BANTUL,56,historical_2021_2024,
2022,4,KAB GUNUNG KIDUL,12,historical_2021_2024,
2022,4,KAB KULON PROGO,8,historical_2021_2024,
2022,4,KAB SLEMAN,29,historical_2021_2024,
2022,4,KOTA YOGYAKARTA,8,historical_2021_2024,
2022,5,KAB BANTUL,112,historical_2021_2024,
2022,5,KAB GUNUNG KIDUL,31,historical_2021_2024,
2022,5,KAB KULON PROGO,30,historical_2021_2024,
2022,5,KAB SLEMAN,57,historical_2021_2024,
2022,5,KOTA YOGYAKARTA,13,historical_2021_2024,
2022,6,KAB BANTUL,85,historical_2021_2024,
2022,6,KAB GUNUNG KIDUL,24,historical_2021_2024,
2022,6,KAB KULON PROGO,24,historical_2021_2024,
2022,6,KAB SLEMAN,55,historical_2021_2024,
2022,6,KOTA YOGYAKARTA,16,historical_2021_2024,
2022,7,KAB BANTUL,127,historical_2021_2024,
2022,7,KAB GUNUNG KIDUL,9,historical_2021_2024,
2022,7,KAB KULON PROGO,20,historical_2021_2024,
2022,7,KAB SLEMAN,65,historical_2021_2024,
2022,7,KOTA YOGYAKARTA,19,historical_2021_2024,
2022,8,KAB BANTUL,138,historical_2021_2024,
2022,8,KAB GUNUNG KIDUL,13,historical_2021_2024,
2022,8,KAB KULON PROGO,20,historical_2021_2024,
2022,8,KAB SLEMAN,48,historical_2021_2024,
2022,8,KOTA YOGYAKARTA,27,historical_2021_2024,
2022,9,KAB BANTUL,82,historical_2021_2024,
2022,9,KAB GUNUNG KIDUL,9,historical_2021_2024,
2022,9,KAB KULON PROGO,23,historical_2021_2024,
2022,9,KAB SLEMAN,57,historical_2021_2024,
2022,9,KOTA YOGYAKARTA,19,historical_2021_2024,
2022,10,KAB BANTUL,98,historical_2021_2024,
2022,10,KAB GUNUNG KIDUL,12,historical_2021_2024,
2022,10,KAB KULON PROGO,26,historical_2021_2024,
2022,10,KAB SLEMAN,76,historical_2021_2024,
2022,10,KOTA YOGYAKARTA,17,historical_2021_2024,
2022,11,KAB BANTUL,81,historical_2021_2024,
2022,11,KAB GUNUNG KIDUL,9,historical_2021_2024,
2022,11,KAB KULON PROGO,25,historical_2021_2024,
2022,11,KAB SLEMAN,46,historical_2021_2024,
2022,11,KOTA YOGYAKARTA,12,historical_2021_2024,
2022,12,KAB BANTUL,63,historical_2021_2024,
2022,12,KAB GUNUNG KIDUL,3,historical_2021_2024,
2022,12,KAB KULON PROGO,20,historical_2021_2024,
2022,12,KAB SLEMAN,46,historical_2021_2024,
2022,12,KOTA YOGYAKARTA,9,historical_2021_2024,
2023,1,KAB BANTUL,94,historical_2021_2024,
2023,1,KAB GUNUNG KIDUL,11,historical_2021_2024,
2023,1,KAB KULON PROGO,31,historical_2021_2024,
2023,1,KAB SLEMAN,75,historical_2021_2024,
2023,1,KOTA YOGYAKARTA,13,historical_2021_2024,
2023,2,KAB BANTUL,58,historical_2021_2024,
2023,2,KAB GUNUNG KIDUL,8,historical_2021_2024,
2023,2,KAB KULON PROGO,14,historical_2021_2024,
2023,2,KAB SLEMAN,31,historical_2021_2024,
2023,2,KOTA YOGYAKARTA,11,historical_2021_2024,
2023,3,KAB BANTUL,37,historical_2021_2024,
2023,3,KAB GUNUNG KIDUL,2,historical_2021_2024,
2023,3,KAB KULON PROGO,26,historical_2021_2024,
2023,3,KAB SLEMAN,35,historical_2021_2024,
2023,3,KOTA YOGYAKARTA,6,historical_2021_2024,
2023,4,KAB BANTUL,29,historical_2021_2024,
2023,4,KAB GUNUNG KIDUL,10,historical_2021_2024,
2023,4,KAB KULON PROGO,8,historical_2021_2024,
2023,4,KAB SLEMAN,46,historical_2021_2024,
2023,4,KOTA YOGYAKARTA,7,historical_2021_2024,
2023,5,KAB BANTUL,28,historical_2021_2024,
2023,5,KAB GUNUNG KIDUL,13,historical_2021_2024,
2023,5,KAB KULON PROGO,17,historical_2021_2024,
2023,5,KAB SLEMAN,42,historical_2021_2024,
2023,5,KOTA YOGYAKARTA,9,historical_2021_2024,
2023,6,KAB BANTUL,13,historical_2021_2024,
2023,6,KAB GUNUNG KIDUL,2,historical_2021_2024,
2023,6,KAB KULON PROGO,8,historical_2021_2024,
2023,6,KAB SLEMAN,37,historical_2021_2024,
2023,6,KOTA YOGYAKARTA,5,historical_2021_2024,
2023,7,KAB BANTUL,54,historical_2021_2024,
2023,7,KAB GUNUNG KIDUL,12,historical_2021_2024,
2023,7,KAB KULON PROGO,18,historical_2021_2024,
2023,7,KAB SLEMAN,39,historical_2021_2024,
2023,7,KOTA YOGYAKARTA,6,historical_2021_2024,
2023,8,KAB BANTUL,26,historical_2021_2024,
2023,8,KAB GUNUNG KIDUL,8,historical_2021_2024,
2023,8,KAB KULON PROGO,11,historical_2021_2024,
2023,8,KAB SLEMAN,31,historical_2021_2024,
2023,8,KOTA YOGYAKARTA,5,historical_2021_2024,
2023,9,KAB BANTUL,37,historical_2021_2024,
2023,9,KAB GUNUNG KIDUL,8,historical_2021_2024,
2023,9,KAB KULON PROGO,10,historical_2021_2024,
2023,9,KAB SLEMAN,44,historical_2021_2024,
2023,9,KOTA YOGYAKARTA,16,historical_2021_2024,
2023,10,KAB BANTUL,46,historical_2021_2024,
2023,10,KAB GUNUNG KIDUL,6,historical_2021_2024,
2023,10,KAB KULON PROGO,16,historical_2021_2024,
2023,10,KAB SLEMAN,59,historical_2021_2024,
2023,10,KOTA YOGYAKARTA,11,historical_2021_2024,
2023,11,KAB BANTUL,70,historical_2021_2024,
2023,11,KAB GUNUNG KIDUL,7,historical_2021_2024,
2023,11,KAB KULON PROGO,14,historical_2021_2024,
2023,11,KAB SLEMAN,51,historical_2021_2024,
2023,11,KOTA YOGYAKARTA,23,historical_2021_2024,
2023,12,KAB BANTUL,20,historical_2021_2024,
2023,12,KAB GUNUNG KIDUL,8,historical_2021_2024,
2023,12,KAB KULON PROGO,16,historical_2021_2024,
2023,12,KAB SLEMAN,24,historical_2021_2024,
2023,12,KOTA YOGYAKARTA,5,historical_2021_2024,
2024,1,KAB BANTUL,59,historical_2021_2024,
2024,1,KAB GUNUNG KIDUL,89,historical_2021_2024,
2024,1,KAB KULON PROGO,49,historical_2021_2024,
2024,1,KAB SLEMAN,108,historical_2021_2024,
2024,1,KOTA YOGYAKARTA,7,historical_2021_2024,
2024,2,KAB BANTUL,88,historical_2021_2024,
2024,2,KAB GUNUNG KIDUL,158,historical_2021_2024,
2024,2,KAB KULON PROGO,78,historical_2021_2024,
2024,2,KAB SLEMAN,125,historical_2021_2024,
2024,2,KOTA YOGYAKARTA,19,historical_2021_2024,
2024,3,KAB BANTUL,107,historical_2021_2024,
2024,3,KAB GUNUNG KIDUL,222,historical_2021_2024,
2024,3,KAB KULON PROGO,105,historical_2021_2024,
2024,3,KAB SLEMAN,137,historical_2021_2024,
2024,3,KOTA YOGYAKARTA,27,historical_2021_2024,
2024,4,KAB BANTUL,135,historical_2021_2024,
2024,4,KAB GUNUNG KIDUL,158,historical_2021_2024,
2024,4,KAB KULON PROGO,160,historical_2021_2024,
2024,4,KAB SLEMAN,263,historical_2021_2024,
2024,4,KOTA YOGYAKARTA,37,historical_2021_2024,
2024,5,KAB BANTUL,116,historical_2021_2024,
2024,5,KAB GUNUNG KIDUL,163,historical_2021_2024,
2024,5,KAB KULON PROGO,223,historical_2021_2024,
2024,5,KAB SLEMAN,259,historical_2021_2024,
2024,5,KOTA YOGYAKARTA,10,historical_2021_2024,
2024,6,KAB BANTUL,104,historical_2021_2024,
2024,6,KAB GUNUNG KIDUL,157,historical_2021_2024,
2024,6,KAB KULON PROGO,222,historical_2021_2024,
2024,6,KAB SLEMAN,177,historical_2021_2024,
2024,6,KOTA YOGYAKARTA,25,historical_2021_2024,
2024,7,KAB BANTUL,99,historical_2021_2024,
2024,7,KAB GUNUNG KIDUL,158,historical_2021_2024,
2024,7,KAB KULON PROGO,181,historical_2021_2024,
2024,7,KAB SLEMAN,212,historical_2021_2024,
2024,7,KOTA YOGYAKARTA,21,historical_2021_2024,
2024,8,KAB BANTUL,85,historical_2021_2024,
2024,8,KAB GUNUNG KIDUL,64,historical_2021_2024,
2024,8,KAB KULON PROGO,108,historical_2021_2024,
2024,8,KAB SLEMAN,90,historical_2021_2024,
2024,8,KOTA YOGYAKARTA,17,historical_2021_2024,
2024,9,KAB BANTUL,112,historical_2021_2024,
2024,9,KAB GUNUNG KIDUL,46,historical_2021_2024,
2024,9,KAB KULON PROGO,176,historical_2021_2024,
2024,9,KAB SLEMAN,110,historical_2021_2024,
2024,9,KOTA YOGYAKARTA,19,historical_2021_2024,
2024,10,KAB BANTUL,124,historical_2021_2024,
2024,10,KAB GUNUNG KIDUL,59,historical_2021_2024,
2024,10,KAB KULON PROGO,167,historical_2021_2024,
2024,10,KAB SLEMAN,120,historical_2021_2024,
2024,10,KOTA YOGYAKARTA,14,historical_2021_2024,
2024,11,KAB BANTUL,139,historical_2021_2024,
2024,11,KAB GUNUNG KIDUL,119,historical_2021_2024,
2024,11,KAB KULON PROGO,171,historical_2021_2024,
2024,11,KAB SLEMAN,126,historical_2021_2024,
2024,11,KOTA YOGYAKARTA,23,historical_2021_2024,
2024,12,KAB BANTUL,169,historical_2021_2024,
2024,12,KAB GUNUNG KIDUL,133,historical_2021_2024,
2024,12,KAB KULON PROGO,193,historical_2021_2024,
2024,12,KAB SLEMAN,147,historical_2021_2024,
2024,12,KOTA YOGYAKARTA,23,historical_2021_2024,
2025,1,KAB BANTUL,183,current_2025,
2025,1,KAB GUNUNG KIDUL,237,current_2025,
2025,1,KAB KULON PROGO,468,current_2025,
2025,1,KAB SLEMAN,235,current_2025,
2025,1,KOTA YOGYAKARTA,57,current_2025,
2025,2,KAB BANTUL,124,current_2025,
2025,2,KAB GUNUNG KIDUL,132,current_2025,
2025,2,KAB KULON PROGO,402,current_2025,
2025,2,KAB SLEMAN,248,current_2025,
2025,2,KOTA YOGYAKARTA,26,current_2025,
2025,3,KAB BANTUL,83,current_2025,
2025,3,KAB GUNUNG KIDUL,104,current_2025,
2025,3,KAB KULON PROGO,324,current_2025,
2025,3,KAB SLEMAN,194,current_2025,
2025,3,KOTA YOGYAKARTA,18,current_2025,
2025,4,KAB BANTUL,83,current_2025,
2025,4,KAB GUNUNG KIDUL,54,current_2025,
2025,4,KAB KULON PROGO,167,current_2025,
2025,4,KAB SLEMAN,160,current_2025,
2025,4,KOTA YOGYAKARTA,19,current_2025,
2025,5,KAB BANTUL,67,current_2025,
2025,5,KAB GUNUNG KIDUL,56,current_2025,
2025,5,KAB KULON PROGO,156,current_2025,
2025,5,KAB SLEMAN,104,current_2025,
2025,5,KOTA YOGYAKARTA,13,current_2025,
2025,6,KAB BANTUL,88,current_2025,
2025,6,KAB GUNUNG KIDUL,63,current_2025,
2025,6,KAB KULON PROGO,149,current_2025,
2025,6,KAB SLEMAN,169,current_2025,
2025,6,KOTA YOGYAKARTA,43,current_2025,
2025,7,KAB BANTUL,55,current_2025,
2025,7,KAB GUNUNG KIDUL,37,current_2025,
2025,7,KAB KULON PROGO,86,current_2025,
2025,7,KAB SLEMAN,139,current_2025,
2025,7,KOTA YOGYAKARTA,23,current_2025,
2025,8,KAB BANTUL,41,current_2025,
2025,8,KAB GUNUNG KIDUL,23,current_2025,
2025,8,KAB KULON PROGO,75,current_2025,
2025,8,KAB SLEMAN,108,current_2025,
2025,8,KOTA YOGYAKARTA,21,current_2025,
2025,9,KAB BANTUL,59,current_2025,
2025,9,KAB GUNUNG KIDUL,57,current_2025,
2025,9,KAB KULON PROGO,64,current_2025,
2025,9,KAB SLEMAN,130,current_2025,
2025,9,KOTA YOGYAKARTA,19,current_2025,
2025,10,KAB BANTUL,58,current_2025,
2025,10,KAB GUNUNG KIDUL,44,current_2025,
2025,10,KAB KULON PROGO,61,current_2025,
2025,10,KAB SLEMAN,89,current_2025,
2025,10,KOTA YOGYAKARTA,6,current_2025,
2025,11,KAB BANTUL,66,current_2025,
2025,11,KAB GUNUNG KIDUL,74,current_2025,
2025,11,KAB KULON PROGO,41,current_2025,
2025,11,KAB SLEMAN,72,current_2025,
2025,11,KOTA YOGYAKARTA,14,current_2025,
2025,12,KAB BANTUL,36,current_2025,
2025,12,KAB GUNUNG KIDUL,53,current_2025,
2025,12,KAB KULON PROGO,52,current_2025,
2025,12,KAB SLEMAN,79,current_2025,
2025,12,KOTA YOGYAKARTA,10,current_2025,
