Year,Region,Month,Cases,Latitude,Longitude,NDVI,Cloud_Cover,Humidity,Precipitation_Total,Temperature_Min,Temperature_Max,Temperature_Avg,Pressure,Wind_Speed,Wind_Direction
2021,KAB BANTUL,1,60,-7.902328,110.2862991,0.0209,90.0,66.75,28.21,24.505000000000003,30.1875,29.7475,1007.75,4.1575,235.5
2021,KAB GUNUNG KIDUL,1,0,-7.9930685,110.2704459,0.0209,89.5,68.0,32.93,24.635,29.87,29.4425,1007.75,4.3825,239.75
2021,KAB KULON PROGO,1,5,-7.8186375,110.1613062,0.0255,89.25,69.5,43.875,11.525,29.8,20.7875,849.0,3.6475,228.5
2021,KAB SLEMAN,1,16,-7.7145614,110.3544861,0.0225,91.75,64.5,27.42,23.1,30.285,29.875,1007.75,3.41,208.25
2021,KOTA YOGYAKARTA,1,0,-7.7955798,110.3694896,0.0208,90.75,65.0,29.8125,23.925,30.5775,30.1,1007.75,3.7625,225.75
2021,KAB BANTUL,2,29,-7.902328,110.2862991,0.0213,73.0,64.0,35.177499999999995,24.1925,31.04,30.625,1009.0,4.3025,213.5
2021,KAB GUNUNG KIDUL,2,0,-7.9930685,110.2704459,0.0213,72.25,65.5,38.8925,24.305,30.61,30.18,1009.0,4.5575,213.0
2021,KAB KULON PROGO,2,9,-7.8186375,110.1613062,0.0255,69.0,62.0,18.6675,21.805,31.9925,31.44,1009.25,3.6325,225.75
2021,KAB SLEMAN,2,4,-7.7145614,110.3544861,0.0226999999999999,75.0,62.0,23.4625,22.705,31.255000000000003,30.8325,1009.25,3.1975,217.25
2021,KOTA YOGYAKARTA,2,0,-7.7955798,110.3694896,0.02,76.66666666666667,66.765,30.12,23.8325,30.7,30.045,1005.0175,3.3375,202.66666666666663
2021,KAB BANTUL,3,51,-7.902328,110.2862991,0.0217,64.6,64.4,10.498,24.412,31.04,30.246,1008.6,4.24,223.0
2021,KAB GUNUNG KIDUL,3,4,-7.9930685,110.2704459,0.0217,64.2,62.0,10.488,24.588,30.668,30.578,1008.4,4.384,223.0
2021,KAB KULON PROGO,3,14,-7.8186375,110.1613062,0.0255,63.8,56.6,11.234,24.262,31.954,31.828,1008.4,4.034000000000001,222.2
2021,KAB SLEMAN,3,29,-7.7145614,110.3544861,0.02186,68.8,60.8,14.114,22.974,31.596,30.610000000000003,1008.6,4.0920000000000005,222.2
2021,KOTA YOGYAKARTA,3,3,-7.7955798,110.3694896,0.01988,67.0,62.0,10.878,23.864,31.664,30.726,1008.6,4.304,223.4
2021,KAB BANTUL,4,52,-7.902328,110.2862991,0.02165,57.75,64.25,2.3575,24.19,30.56,30.4375,1009.5,4.109999999999999,172.5
2021,KAB GUNUNG KIDUL,4,2,-7.9930685,110.2704459,0.02165,58.0,66.75,2.33,24.3025,30.1275,29.9025,1009.75,4.47,165.0
2021,KAB KULON PROGO,4,12,-7.8186375,110.1613062,0.0255,72.25,58.5,8.9,23.9375,31.6475,31.6325,1009.5,3.895,198.75
2021,KAB SLEMAN,4,74,-7.7145614,110.3544861,0.0207499999999999,55.5,56.75,5.98,22.6675,31.245,31.19,1009.75,2.885,191.25
2021,KOTA YOGYAKARTA,4,11,-7.7955798,110.3694896,0.0177,56.25,59.25,4.0175,23.615,31.2375,31.225,1009.5,3.4925,183.25
2021,KAB BANTUL,5,51,-7.902328,110.2862991,0.02088,50.8,61.8,0.236,22.1,30.232,30.23,1009.0,5.14,153.0
2021,KAB GUNUNG KIDUL,5,4,-7.9930685,110.2704459,0.02088,51.2,64.2,0.124,22.216,29.784,29.726,1009.0,5.606,150.0
2021,KAB KULON PROGO,5,13,-7.8186375,110.1613062,0.0255,46.4,83.6,0.186,12.538,23.822,20.066,888.0,4.356,173.8
2021,KAB SLEMAN,5,79,-7.7145614,110.3544861,0.02098,49.2,54.2,0.11,20.822,31.054,30.936,1009.2,3.164,175.0
2021,KOTA YOGYAKARTA,5,2,-7.7955798,110.3694896,0.01816,49.4,57.2,0.262,21.566,31.014,30.948,1009.0,4.322,160.6
2021,KAB BANTUL,6,47,-7.902328,110.2862991,0.0207,58.25,67.25,7.029999999999999,13.0575,29.6975,29.6975,1010.5,4.1975,165.5
2021,KAB GUNUNG KIDUL,6,2,-7.9930685,110.2704459,0.0207,57.25,69.25,7.525,13.0575,29.2925,29.2575,1010.5,4.532500000000001,162.5
2021,KAB KULON PROGO,6,15,-7.8186375,110.1613062,0.0255,62.25,73.5,2.13,12.7075,25.2025,21.195,873.25,3.345,186.25
2021,KAB SLEMAN,6,46,-7.7145614,110.3544861,0.0219,61.75,60.25,0.5700000000000001,13.0575,30.27,30.2325,1010.75,2.775,215.5
2021,KOTA YOGYAKARTA,6,9,-7.7955798,110.3694896,0.0185,59.75,63.0,4.1825,13.0575,30.3075,30.295,1010.5,3.4775,172.75
2021,KAB BANTUL,7,26,-7.902328,110.2862991,0.0208,59.25,60.0,0.1025,17.4625,27.895,25.2175,1010.0,5.895,131.75
2021,KAB GUNUNG KIDUL,7,1,-7.9930685,110.2704459,0.0208,60.25,62.25,0.0625,17.5375,27.545,24.98,1010.25,6.4675,133.75
2021,KAB KULON PROGO,7,2,-7.8186375,110.1613062,0.0255,70.0,58.5,0.0,17.3325,29.7825,26.7075,1010.0,4.78,166.0
2021,KAB SLEMAN,7,43,-7.7145614,110.3544861,0.0209,52.5,53.75,0.105,16.052500000000002,28.2875,25.13,1010.0,4.4625,144.25
2021,KOTA YOGYAKARTA,7,0,-7.7955798,110.3694896,0.017675,55.5,56.25,0.0675,16.94,28.36,25.41,1009.75,5.0475,137.0
2021,KAB BANTUL,8,34,-7.902328,110.2862991,0.0192199999999999,60.8,65.4,0.208,23.504,29.298,29.132,1010.6,6.590000000000001,150.2
2021,KAB GUNUNG KIDUL,8,1,-7.9930685,110.2704459,0.0192199999999999,59.6,67.8,0.12,23.658,28.854000000000003,28.656,1010.6,7.318,146.4
2021,KAB KULON PROGO,8,0,-7.8186375,110.1613062,0.0255,65.8,64.8,0.8200000000000001,22.716,30.676,29.892,1011.2,4.754,162.4
2021,KAB SLEMAN,8,33,-7.7145614,110.3544861,0.0201,62.6,55.6,0.55,21.906,30.35,30.134,1010.6,4.434,177.8
2021,KOTA YOGYAKARTA,8,6,-7.7955798,110.3694896,0.0172,62.4,59.6,0.222,22.838,30.072000000000003,29.918,1010.4,5.292,159.2
2021,KAB BANTUL,9,60,-7.902328,110.2862991,0.01845,82.75,69.25,2.6925,23.7775,28.7425,28.15,1009.75,6.5475,151.75
2021,KAB GUNUNG KIDUL,9,3,-7.9930685,110.2704459,0.01845,82.25,70.75,1.7325,23.9225,28.4075,27.725,1009.75,7.365,148.0
2021,KAB KULON PROGO,9,3,-7.8186375,110.1613062,0.0255,80.5,69.5,3.855,24.0075,29.9175,28.35,1010.0,4.7225,152.5
2021,KAB SLEMAN,9,35,-7.7145614,110.3544861,0.020075,83.75,62.5,5.03,22.18,29.5175,28.9475,1010.0,3.8075,178.0
2021,KOTA YOGYAKARTA,9,4,-7.7955798,110.3694896,0.017025,83.5,64.75,2.67,23.1225,29.4175,28.885,1009.75,4.9975000000000005,155.25
2021,KAB BANTUL,10,49,-7.902328,110.2862991,0.01765,69.0,61.5,4.215000000000001,17.0775,29.775,27.6925,1009.75,5.7625,169.5
2021,KAB GUNUNG KIDUL,10,6,-7.9930685,110.2704459,0.01765,69.0,63.5,5.3025,17.1125,29.2725,27.325,1010.0,6.0375,164.0
2021,KAB KULON PROGO,10,4,-7.8186375,110.1613062,0.0255,69.0,59.25,2.9075,17.4,32.1325,28.885,1009.75,4.8175,175.5
2021,KAB SLEMAN,10,48,-7.7145614,110.3544861,0.0196749999999999,67.0,52.25,3.52,15.87,31.355,28.3225,1009.25,5.105,190.75
2021,KOTA YOGYAKARTA,10,6,-7.7955798,110.3694896,0.0154,68.75,56.25,4.13,16.67,30.845,28.225,1009.25,5.4675,180.25
2021,KAB BANTUL,11,151,-7.902328,110.2862991,0.02166,97.0,74.8,14.122,19.686,28.17,25.438,1008.6,3.444,243.0
2021,KAB GUNUNG KIDUL,11,33,-7.9930685,110.2704459,0.02166,97.0,75.6,15.156,19.738,28.004,25.316,1008.6,3.864,244.4
2021,KAB KULON PROGO,11,9,-7.8186375,110.1613062,0.0255,98.0,76.4,16.934,19.224,29.246,25.994,1008.6,2.652,215.4
2021,KAB SLEMAN,11,56,-7.7145614,110.3544861,0.02144,96.8,73.2,18.076,18.434,27.774,24.842,1008.6,2.382,233.6
2021,KOTA YOGYAKARTA,11,22,-7.7955798,110.3694896,0.01804,96.8,73.4,14.7,19.248,28.224,25.368,1008.6,2.842,240.6
2021,KAB BANTUL,12,93,-7.902328,110.2862991,0.0201,86.5,67.5,6.465,19.0225,29.9375,27.635,1009.5,4.0675,222.75
2021,KAB GUNUNG KIDUL,12,33,-7.9930685,110.2704459,0.0201,87.25,69.75,5.125,19.0625,29.5325,27.41,1009.75,4.36,242.25
2021,KAB KULON PROGO,12,20,-7.8186375,110.1613062,0.0255,86.25,63.25,11.2275,18.81,32.9675,28.405,1009.75,3.8675,217.75
2021,KAB SLEMAN,12,28,-7.7145614,110.3544861,0.0214,84.5,59.5,8.705,17.75,30.6,27.47,1009.5,3.9425,216.25
2021,KOTA YOGYAKARTA,12,13,-7.7955798,110.3694896,0.0194,85.5,62.5,7.135000000000001,18.59,30.58,27.825,1009.5,4.1475,222.5
2022,KAB BANTUL,1,150,-7.902328,110.2862991,0.0213399999999999,80.4,67.4,5.586,19.242,29.354000000000003,28.528,1009.0,4.34,234.8
2022,KAB GUNUNG KIDUL,1,50,-7.9930685,110.2704459,0.0213399999999999,80.6,68.8,5.59,19.286,29.028,28.27,1008.8,4.48,238.4
2022,KAB KULON PROGO,1,83,-7.8186375,110.1613062,0.0255,75.0,68.8,9.19,19.194,32.552,30.074,1009.0,3.792,228.8
2022,KAB SLEMAN,1,81,-7.7145614,110.3544861,0.022,79.8,62.4,6.372,18.0,29.624,28.592,1009.0,4.238,227.4
2022,KOTA YOGYAKARTA,1,28,-7.7955798,110.3694896,0.01992,80.4,64.4,7.12,18.808,29.718,28.782,1009.0,4.442,232.4
2022,KAB BANTUL,2,66,-7.902328,110.2862991,0.0212,86.5,68.5,19.1075,18.1875,29.3475,27.0875,1007.5,3.255,217.0
2022,KAB GUNUNG KIDUL,2,15,-7.9930685,110.2704459,0.0212,88.5,69.5,20.317500000000003,18.1875,29.09,26.93,1007.5,3.4975,240.25
2022,KAB KULON PROGO,2,9,-7.8186375,110.1613062,0.0255,91.75,66.5,33.8975,18.625,30.705,27.1,1007.75,3.0250000000000004,183.5
2022,KAB SLEMAN,2,20,-7.7145614,110.3544861,0.0215,78.25,65.25,15.14,17.072499999999998,29.1375,26.595,1007.5,2.675,147.75
2022,KOTA YOGYAKARTA,2,4,-7.7955798,110.3694896,0.019075,82.25,66.0,21.7425,17.8325,29.5775,27.11,1007.5,2.9025,199.0
2022,KAB BANTUL,3,69,-7.902328,110.2862991,0.02345,74.5,68.75,4.327500000000001,24.03,31.17,31.0525,1008.25,4.1275,214.75
2022,KAB GUNUNG KIDUL,3,13,-7.9930685,110.2704459,0.02345,74.0,70.0,4.725,24.0675,30.8925,30.755,1008.0,4.3325,215.75
2022,KAB KULON PROGO,3,16,-7.8186375,110.1613062,0.0255,72.5,67.25,4.8125,24.145,32.1275,31.6425,1008.0,3.6125,213.5
2022,KAB SLEMAN,3,30,-7.7145614,110.3544861,0.02175,79.0,65.5,3.3925,22.9,31.4175,30.9975,1008.25,3.285,193.75
2022,KOTA YOGYAKARTA,3,7,-7.7955798,110.3694896,0.0192,76.75,66.0,4.302499999999999,23.605,31.4725,31.345,1008.25,3.74,209.25
2022,KAB BANTUL,4,56,-7.902328,110.2862991,0.0212499999999999,70.25,67.25,2.875,24.3525,30.315,30.2325,1008.0,3.8425,178.25
2022,KAB GUNUNG KIDUL,4,12,-7.9930685,110.2704459,0.0212499999999999,70.25,69.0,2.6575,24.4725,29.985,29.785,1008.25,4.015,182.0
2022,KAB KULON PROGO,4,8,-7.8186375,110.1613062,0.0255,56.75,63.5,11.6225,23.4475,31.3025,31.0775,1008.25,3.4625,192.5
2022,KAB SLEMAN,4,29,-7.7145614,110.3544861,0.02055,69.0,60.5,15.5375,22.215,30.85,30.84,1008.75,2.8725,181.25
2022,KOTA YOGYAKARTA,4,8,-7.7955798,110.3694896,0.0182,70.0,63.0,4.08,23.7525,30.95,30.855,1008.0,3.375,185.75
2022,KAB BANTUL,5,112,-7.902328,110.2862991,0.02062,86.0,64.8,2.794,24.498,30.664,30.546000000000003,1008.2,3.142,171.8
2022,KAB GUNUNG KIDUL,5,31,-7.9930685,110.2704459,0.02062,85.8,65.8,3.2120000000000006,24.578,30.436,30.334,1008.2,3.3880000000000003,172.0
2022,KAB KULON PROGO,5,30,-7.8186375,110.1613062,0.0255,72.8,67.2,11.622,24.376,30.838,30.716,1008.4,3.156,213.6
2022,KAB SLEMAN,5,57,-7.7145614,110.3544861,0.02134,85.8,63.8,5.192,23.142000000000003,30.616000000000003,30.228,1008.2,2.9400000000000004,151.6
2022,KOTA YOGYAKARTA,5,13,-7.7955798,110.3694896,0.0181799999999999,86.0,63.8,4.215999999999999,24.006,31.074,30.656,1008.2,2.93,160.0
2022,KAB BANTUL,6,85,-7.902328,110.2862991,0.0214,73.25,70.5,3.6175,23.9975,29.3575,29.1125,1009.5,4.55,164.25
2022,KAB GUNUNG KIDUL,6,24,-7.9930685,110.2704459,0.0214,71.75,71.5,4.485,24.1275,29.12,28.8575,1009.5,5.032500000000001,157.0
2022,KAB KULON PROGO,6,24,-7.8186375,110.1613062,0.0255,80.25,68.75,2.0025,23.65,29.945,29.705,1009.5,3.75,170.0
2022,KAB SLEMAN,6,55,-7.7145614,110.3544861,0.0224,80.25,67.5,3.8225,22.3375,29.355,29.0625,1009.5,3.055,175.25
2022,KOTA YOGYAKARTA,6,16,-7.7955798,110.3694896,0.01975,77.5,68.5,4.165,23.31,29.6075,29.3525,1009.5,3.75,169.5
2022,KAB BANTUL,7,127,-7.902328,110.2862991,0.020575,70.25,68.75,0.355,23.255000000000003,28.4,28.235,1009.5,5.2825,146.75
2022,KAB GUNUNG KIDUL,7,9,-7.9930685,110.2704459,0.020575,68.75,69.75,0.2125,23.5125,28.17,28.0,1009.5,5.9275,140.5
2022,KAB KULON PROGO,7,20,-7.8186375,110.1613062,0.0255,78.0,69.75,0.22,22.57,28.8125,28.5725,1009.75,4.2875,156.0
2022,KAB SLEMAN,7,65,-7.7145614,110.3544861,0.02045,74.75,65.0,0.5275,21.1475,28.6,28.2975,1009.75,3.4075,143.75
2022,KOTA YOGYAKARTA,7,19,-7.7955798,110.3694896,0.017125,73.25,66.75,0.2174999999999999,22.34,28.725,28.47,1009.5,4.08,141.75
2022,KAB BANTUL,8,138,-7.902328,110.2862991,0.02,91.0,69.2,2.9319999999999995,23.374,27.924,27.522,1010.0,5.186,156.2
2022,KAB GUNUNG KIDUL,8,13,-7.9930685,110.2704459,0.02,91.4,70.6,4.666,23.562,27.588,27.188,1010.0,5.688000000000001,150.0
2022,KAB KULON PROGO,8,20,-7.8186375,110.1613062,0.0255,85.0,66.8,1.384,22.97,28.94,28.3,1010.0,4.112,166.2
2022,KAB SLEMAN,8,48,-7.7145614,110.3544861,0.0204,88.4,64.4,4.73,21.536,28.512,27.89,1009.8,3.37,185.2
2022,KOTA YOGYAKARTA,8,27,-7.7955798,110.3694896,0.01776,90.0,66.4,5.311999999999999,22.6,28.448,27.95,1010.0,4.142,167.4
2022,KAB BANTUL,9,82,-7.902328,110.2862991,0.019725,78.25,69.0,1.44,23.715,28.485,28.3025,1011.0,5.48,154.75
2022,KAB GUNUNG KIDUL,9,9,-7.9930685,110.2704459,0.019725,76.5,70.5,2.1325,23.83,28.06,27.9625,1011.0,5.91,153.0
2022,KAB KULON PROGO,9,23,-7.8186375,110.1613062,0.0255,74.5,69.5,0.0,23.5525,29.1425,28.9075,1010.75,4.5425,156.25
2022,KAB SLEMAN,9,57,-7.7145614,110.3544861,0.02,82.75,64.0,0.0,22.1525,29.3425,28.69,1010.75,4.1375,178.75
2022,KOTA YOGYAKARTA,9,19,-7.7955798,110.3694896,0.0163999999999999,81.0,65.75,0.655,23.105,29.2125,28.755000000000003,1010.5,4.7,165.0
2022,KAB BANTUL,10,98,-7.902328,110.2862991,0.01876,94.2,70.0,5.0920000000000005,24.426,28.506,28.44,1010.2,4.382,182.8
2022,KAB GUNUNG KIDUL,10,12,-7.9930685,110.2704459,0.01876,94.4,71.2,5.218,24.556,28.18,28.130000000000003,1010.2,4.542,181.2
2022,KAB KULON PROGO,10,26,-7.8186375,110.1613062,0.0255,92.2,70.8,8.754000000000001,24.006,28.978,28.818,1010.2,3.802000000000001,185.0
2022,KAB SLEMAN,10,76,-7.7145614,110.3544861,0.01994,91.0,67.0,7.237999999999999,22.812,28.815999999999995,28.672000000000004,1010.2,3.85,196.6
2022,KOTA YOGYAKARTA,10,17,-7.7955798,110.3694896,0.01578,93.0,68.0,5.686,23.778,28.882,28.818,1009.8,4.182,189.6
2022,KAB BANTUL,11,81,-7.902328,110.2862991,0.0204,83.75,75.0,13.85,24.0425,28.64,28.1125,1009.0,4.4,191.25
2022,KAB GUNUNG KIDUL,11,9,-7.9930685,110.2704459,0.0204,84.5,76.25,13.4025,24.1225,28.37,27.8,1009.0,4.7775,188.75
2022,KAB KULON PROGO,11,25,-7.8186375,110.1613062,0.0255,85.25,75.25,13.6425,23.7525,28.835,28.4025,1009.0,3.3275,193.0
2022,KAB SLEMAN,11,46,-7.7145614,110.3544861,0.0202,82.0,71.5,11.5675,22.7225,28.880000000000003,28.405,1009.0,3.2875,199.75
2022,KOTA YOGYAKARTA,11,12,-7.7955798,110.3694896,0.01695,82.5,72.5,13.06,23.5375,29.025,28.5225,1009.0,3.81,195.0
2022,KAB BANTUL,12,63,-7.902328,110.2862991,0.0201,70.0,72.75,5.859999999999999,24.185,28.3725,28.1,1008.0,3.79,209.25
2022,KAB GUNUNG KIDUL,12,3,-7.9930685,110.2704459,0.0201,69.75,73.25,5.6875,24.3325,28.225,27.91,1008.0,4.06,206.25
2022,KAB KULON PROGO,12,20,-7.8186375,110.1613062,0.0255,70.0,71.0,6.0625,23.9175,28.9,28.7425,1008.25,2.835,209.0
2022,KAB SLEMAN,12,46,-7.7145614,110.3544861,0.02135,71.25,70.75,5.300000000000001,22.425,28.08,27.8575,1008.25,3.0825,227.25
2022,KOTA YOGYAKARTA,12,9,-7.7955798,110.3694896,0.0194,70.5,71.5,6.657500000000001,23.4625,28.4525,28.1975,1008.25,3.3825000000000003,218.75
2023,KAB BANTUL,1,94,-7.902328,110.2862991,0.02098,68.4,69.4,6.478,24.082,29.364,28.986,1008.2,4.540000000000001,227.6
2023,KAB GUNUNG KIDUL,1,11,-7.9930685,110.2704459,0.02098,66.8,71.2,5.12,24.24,28.78,28.55,1008.6,4.704,234.4
2023,KAB KULON PROGO,1,31,-7.8186375,110.1613062,0.0255,71.6,67.8,7.229999999999999,23.752,30.052,29.59,1008.4,3.796,228.8
2023,KAB SLEMAN,1,75,-7.7145614,110.3544861,0.02144,73.4,63.8,11.918,22.508000000000003,29.880000000000003,29.58,1008.0,3.936,223.2
2023,KOTA YOGYAKARTA,1,13,-7.7955798,110.3694896,0.0201,70.6,65.8,9.644,23.404000000000003,29.92,29.606,1008.0,4.272,224.4
2023,KAB BANTUL,2,58,-7.902328,110.2862991,0.021075,69.25,68.5,21.895000000000003,23.8525,30.0625,29.27,1008.75,5.6275,269.75
2023,KAB GUNUNG KIDUL,2,8,-7.9930685,110.2704459,0.021075,68.75,70.0,19.59,23.965,29.6625,28.9175,1008.75,6.1325,271.0
2023,KAB KULON PROGO,2,14,-7.8186375,110.1613062,0.0255,73.0,69.25,11.865,23.44,30.485,29.4,1009.0,4.1725,246.25
2023,KAB SLEMAN,2,31,-7.7145614,110.3544861,0.021425,73.75,62.75,10.335,22.25,30.4475,29.5575,1009.0,4.195,242.25
2023,KOTA YOGYAKARTA,2,11,-7.7955798,110.3694896,0.02065,70.5,65.0,20.135,23.2075,30.305,29.7125,1008.75,4.905,257.5
2023,KAB BANTUL,3,37,-7.902328,110.2862991,0.0214499999999999,51.75,62.25,5.4225,24.21,30.59,30.567500000000003,1009.5,4.45,203.75
2023,KAB GUNUNG KIDUL,3,2,-7.9930685,110.2704459,0.0214499999999999,50.5,64.5,4.37,24.3525,30.1225,30.11,1009.5,4.7325,204.75
2023,KAB KULON PROGO,3,26,-7.8186375,110.1613062,0.0255,55.25,59.75,6.6775,23.8725,31.2075,31.14,1009.5,3.7675,208.0
2023,KAB SLEMAN,3,35,-7.7145614,110.3544861,0.0209,56.5,54.75,11.7875,22.6275,31.2725,31.165,1009.5,3.7475,181.5
2023,KOTA YOGYAKARTA,3,6,-7.7955798,110.3694896,0.0185,54.5,57.75,8.86,23.5775,31.2625,31.205,1009.5,4.0575,195.25
2023,KAB BANTUL,4,29,-7.902328,110.2862991,0.021075,66.0,66.5,3.135,23.91,30.155,29.915,1008.75,3.9725,211.0
2023,KAB GUNUNG KIDUL,4,10,-7.9930685,110.2704459,0.021075,65.0,68.75,2.56,24.0675,29.695,29.415,1008.75,4.1375,209.0
2023,KAB KULON PROGO,4,8,-7.8186375,110.1613062,0.0255,66.0,63.25,5.0975,23.7425,30.815,30.79,1008.75,3.9025,212.25
2023,KAB SLEMAN,4,46,-7.7145614,110.3544861,0.02055,70.75,58.5,6.325,22.3025,30.915,30.745,1008.5,3.8525,187.5
2023,KOTA YOGYAKARTA,4,7,-7.7955798,110.3694896,0.017975,68.5,61.5,3.825,23.2225,30.82,30.69,1008.5,3.865,200.75
2023,KAB BANTUL,5,28,-7.902328,110.2862991,0.0203,54.0,64.2,0.934,23.56,29.664,29.610000000000003,1009.8,5.446,156.0
2023,KAB GUNUNG KIDUL,5,13,-7.9930685,110.2704459,0.0203,53.4,66.2,0.5980000000000001,23.7,29.3,29.242,1009.8,6.006,154.8
2023,KAB KULON PROGO,5,17,-7.8186375,110.1613062,0.0255,66.2,61.2,1.026,23.336,30.494,30.352,1009.8,4.358,166.8
2023,KAB SLEMAN,5,42,-7.7145614,110.3544861,0.02106,56.0,58.4,1.4200000000000002,21.860000000000003,30.222,29.966,1009.8,3.658,173.4
2023,KOTA YOGYAKARTA,5,9,-7.7955798,110.3694896,0.01784,54.8,60.8,1.014,22.874,30.23,30.068,1009.8,4.42,164.4
2023,KAB BANTUL,6,13,-7.902328,110.2862991,0.02035,53.0,67.0,0.0525,23.585,29.2225,29.1625,1010.0,4.9375,170.0
2023,KAB GUNUNG KIDUL,6,2,-7.9930685,110.2704459,0.02035,51.5,69.0,0.0,23.695,28.7525,28.68,1010.0,5.195,167.0
2023,KAB KULON PROGO,6,8,-7.8186375,110.1613062,0.0255,56.5,63.25,0.0,23.3375,30.245,29.975,1010.0,4.87,153.5
2023,KAB SLEMAN,6,37,-7.7145614,110.3544861,0.0216999999999999,55.75,59.0,0.0,22.015,30.11,30.0325,1010.0,3.91,145.75
2023,KOTA YOGYAKARTA,6,5,-7.7955798,110.3694896,0.017875,55.0,62.25,0.0,22.9275,29.965,29.8875,1010.0,4.37,178.5
2023,KAB BANTUL,7,54,-7.902328,110.2862991,0.01984,60.0,66.2,0.054,22.528,27.996,27.774,1012.0,6.544,146.8
2023,KAB GUNUNG KIDUL,7,12,-7.9930685,110.2704459,0.01984,59.0,67.8,0.034,22.738,27.574,27.392,1012.0,7.159999999999999,144.6
2023,KAB KULON PROGO,7,18,-7.8186375,110.1613062,0.0255,65.6,65.0,0.0,22.022,28.786,28.404000000000003,1012.0,5.0520000000000005,150.2
2023,KAB SLEMAN,7,39,-7.7145614,110.3544861,0.02054,62.4,61.0,0.022,20.612,28.728,28.334000000000003,1012.0,4.322,168.8
2023,KOTA YOGYAKARTA,7,6,-7.7955798,110.3694896,0.0168,62.0,63.0,0.06,21.694,28.67,28.328,1012.0,5.3340000000000005,156.0
2023,KAB BANTUL,8,26,-7.902328,110.2862991,0.018375,36.5,59.5,0.0,21.1975,28.675,28.4325,1012.25,6.202500000000001,160.5
2023,KAB GUNUNG KIDUL,8,8,-7.9930685,110.2704459,0.018375,35.75,63.25,0.0,21.2125,27.8325,27.59,1012.25,6.625,154.5
2023,KAB KULON PROGO,8,11,-7.8186375,110.1613062,0.0255,58.5,55.5,0.0,21.0325,29.9825,29.2175,1012.25,5.285,170.75
2023,KAB SLEMAN,8,31,-7.7145614,110.3544861,0.01945,35.0,45.75,0.0,19.825000000000003,31.045,30.7625,1012.0,5.1325,186.25
2023,KOTA YOGYAKARTA,8,5,-7.7955798,110.3694896,0.015775,36.25,51.5,0.0,20.6675,30.2325,29.9975,1012.0,5.5675,173.5
2023,KAB BANTUL,9,37,-7.902328,110.2862991,0.01725,42.25,55.5,0.0,21.0125,28.73,28.6925,1011.25,7.0925,160.0
2023,KAB GUNUNG KIDUL,9,8,-7.9930685,110.2704459,0.01725,41.5,58.75,0.0,21.130000000000003,27.885,27.8525,1011.75,7.43,157.0
2023,KAB KULON PROGO,9,10,-7.8186375,110.1613062,0.0255,56.75,53.0,0.0,20.6525,30.0525,29.3225,1012.0,5.955,165.5
2023,KAB SLEMAN,9,44,-7.7145614,110.3544861,0.0178499999999999,40.75,41.5,0.0,19.44,31.3025,31.3025,1011.0,5.9325,176.0
2023,KOTA YOGYAKARTA,9,16,-7.7955798,110.3694896,0.0147,41.75,47.25,0.0,20.38,30.365,30.3375,1011.25,6.547499999999999,167.5
2023,KAB BANTUL,10,46,-7.902328,110.2862991,0.01718,40.6,52.2,0.052,22.634,31.584000000000003,31.56,1010.6,7.194,168.8
2023,KAB GUNUNG KIDUL,10,6,-7.9930685,110.2704459,0.01718,39.0,57.2,0.0,22.716,30.35,30.306,1011.2,7.452000000000001,165.0
2023,KAB KULON PROGO,10,16,-7.8186375,110.1613062,0.0255,49.8,48.0,0.0,22.880000000000003,32.77,32.668,1010.8,5.811999999999999,179.8
2023,KAB SLEMAN,10,59,-7.7145614,110.3544861,0.01732,48.8,32.0,0.024,21.37,35.576,35.576,1010.4,5.936,185.0
2023,KOTA YOGYAKARTA,10,11,-7.7955798,110.3694896,0.01444,43.8,40.8,0.026,22.122,34.09,34.09,1010.4,6.634,177.2
2023,KAB BANTUL,11,70,-7.902328,110.2862991,0.019075,67.25,63.25,0.77,24.7475,30.1725,29.6125,1010.75,4.8175,169.5
2023,KAB GUNUNG KIDUL,11,7,-7.9930685,110.2704459,0.019075,65.75,64.25,0.52,24.8775,29.755000000000003,29.32,1010.75,5.255,166.75
2023,KAB KULON PROGO,11,14,-7.8186375,110.1613062,0.0255,70.25,61.25,0.3924999999999999,24.815,30.880000000000003,30.3375,1010.75,4.1175,172.5
2023,KAB SLEMAN,11,51,-7.7145614,110.3544861,0.0188,70.5,60.5,0.385,23.1625,30.4275,29.655,1010.75,3.715,199.25
2023,KOTA YOGYAKARTA,11,23,-7.7955798,110.3694896,0.0139,69.75,60.75,1.0675,24.1025,30.695,29.945,1010.75,4.1275,181.5
2023,KAB BANTUL,12,20,-7.902328,110.2862991,0.01935,88.75,60.0,2.3875,24.8575,30.665,30.2175,1010.0,4.7425,184.25
2023,KAB GUNUNG KIDUL,12,8,-7.9930685,110.2704459,0.01935,88.5,61.75,2.2750000000000004,25.02,30.385,29.755000000000003,1010.0,4.825,180.0
2023,KAB KULON PROGO,12,16,-7.8186375,110.1613062,0.0255,82.75,57.0,4.565,24.7825,31.3,31.225,1010.0,4.3025,190.25
2023,KAB SLEMAN,12,24,-7.7145614,110.3544861,0.01995,91.0,55.5,2.845,23.0525,31.1,30.89,1009.75,4.300000000000001,198.5
2023,KOTA YOGYAKARTA,12,5,-7.7955798,110.3694896,0.0163999999999999,90.5,57.0,2.6925,24.095,31.05,30.8775,1009.75,4.6325,190.25
2024,KAB BANTUL,1,59,-7.902328,110.2862991,0.01984,50.0,84.87935483870967,536.88,26.666451612903227,29.022903225806452,27.695161290322584,100.38419354838712,2.8045161290322587,0.0
2024,KAB GUNUNG KIDUL,1,89,-7.9930685,110.2704459,0.01984,50.0,84.87935483870967,536.88,26.666451612903227,29.022903225806452,27.695161290322584,100.38419354838712,2.8045161290322587,0.0
2024,KAB KULON PROGO,1,49,-7.8186375,110.1613062,0.0255,50.0,84.87935483870967,536.88,26.666451612903227,29.022903225806452,27.695161290322584,100.38419354838712,2.8045161290322587,0.0
2024,KAB SLEMAN,1,108,-7.7145614,110.3544861,0.0208199999999999,50.0,87.89774193548388,313.50000000000006,23.01741935483871,29.15193548387097,25.645483870967738,96.98064516129031,1.4006451612903226,0.0
2024,KOTA YOGYAKARTA,1,7,-7.7955798,110.3694896,0.01814,50.0,86.39774193548386,338.13000000000005,25.172258064516132,29.208709677419353,26.887096774193548,99.1574193548387,2.26516129032258,0.0
2024,KAB BANTUL,2,88,-7.902328,110.2862991,0.02095,75.75,68.5,6.5425,24.6975,30.2675,30.03,1011.0,3.985,229.5
2024,KAB GUNUNG KIDUL,2,158,-7.9930685,110.2704459,0.02095,75.5,70.0,6.2125,24.7725,29.9075,29.6325,1011.0,4.085,225.75
2024,KAB KULON PROGO,2,78,-7.8186375,110.1613062,0.0255,73.75,67.0,10.295000000000002,24.58,30.6825,30.525,1011.25,3.7575,224.5
2024,KAB SLEMAN,2,125,-7.7145614,110.3544861,0.02175,78.75,64.0,10.1925,23.405,30.5,30.3725,1011.25,3.5975,219.5
2024,KOTA YOGYAKARTA,2,19,-7.7955798,110.3694896,0.0184,76.5,65.0,8.82,24.2025,30.73,30.5775,1011.0,3.885,224.75
2024,KAB BANTUL,3,107,-7.902328,110.2862991,0.0212499999999999,90.25,70.75,12.5575,24.87,29.46,29.4375,1009.5,4.2325,237.0
2024,KAB GUNUNG KIDUL,3,222,-7.9930685,110.2704459,0.0212499999999999,89.5,71.75,12.585,24.9575,29.2325,29.2,1009.5,4.5375,235.5
2024,KAB KULON PROGO,3,105,-7.8186375,110.1613062,0.0255,93.0,70.5,3.69,24.8375,30.1025,29.8125,1009.5,3.4850000000000003,173.75
2024,KAB SLEMAN,3,137,-7.7145614,110.3544861,0.0216999999999999,92.75,69.0,9.29,23.4025,29.505000000000003,29.2325,1009.5,3.145,181.75
2024,KOTA YOGYAKARTA,3,27,-7.7955798,110.3694896,0.0192999999999999,91.75,69.25,11.3475,24.2725,29.7075,29.6075,1009.25,3.67,181.25
2024,KAB BANTUL,4,135,-7.902328,110.2862991,0.02114,79.2,68.2,3.224,25.052,30.646,30.62,1009.0,4.61,165.8
2024,KAB GUNUNG KIDUL,4,158,-7.9930685,110.2704459,0.02114,78.6,69.8,2.81,25.202,30.262,30.244,1009.0,5.066,164.6
2024,KAB KULON PROGO,4,160,-7.8186375,110.1613062,0.0255,82.2,67.6,2.754,24.982,31.306,30.968,1009.2,3.588,175.8
2024,KAB SLEMAN,4,263,-7.7145614,110.3544861,0.02104,79.2,62.6,7.909999999999999,23.384,31.058,30.996,1009.0,3.074,193.8
2024,KOTA YOGYAKARTA,4,37,-7.7955798,110.3694896,0.01986,79.8,64.8,4.536,24.362,31.138,31.110000000000003,1009.0,3.74,176.0
2024,KAB BANTUL,5,116,-7.902328,110.2862991,0.01985,73.75,67.5,0.04,24.145,29.6,29.4175,1009.75,5.8825,145.75
2024,KAB GUNUNG KIDUL,5,163,-7.9930685,110.2704459,0.01985,73.75,69.75,0.0525,24.32,29.1725,28.9675,1009.75,6.57,143.5
2024,KAB KULON PROGO,5,223,-7.8186375,110.1613062,0.0255,78.5,63.0,0.0,23.9525,30.66,30.45,1009.75,4.6075,160.0
2024,KAB SLEMAN,5,259,-7.7145614,110.3544861,0.02035,75.5,59.5,0.0,22.3975,30.4625,30.18,1009.75,3.46,170.25
2024,KOTA YOGYAKARTA,5,10,-7.7955798,110.3694896,0.0174,74.25,62.75,0.0275,23.4025,30.36,30.085,1009.5,4.484999999999999,154.25
2024,KAB BANTUL,6,104,-7.902328,110.2862991,0.019975,70.0,71.5,0.0,23.6675,29.125,29.0325,1010.75,5.7125,150.0
2024,KAB GUNUNG KIDUL,6,157,-7.9930685,110.2704459,0.019975,69.5,72.0,0.0,23.8125,28.8625,28.7625,1010.75,6.31,147.0
2024,KAB KULON PROGO,6,222,-7.8186375,110.1613062,0.0255,60.0,69.25,0.2475,23.5925,29.86,29.6825,1010.75,4.2125,154.25
2024,KAB SLEMAN,6,177,-7.7145614,110.3544861,0.020925,72.75,66.25,0.25,22.11,29.4325,29.2175,1010.75,3.7125,179.0
2024,KOTA YOGYAKARTA,6,25,-7.7955798,110.3694896,0.016975,72.0,68.5,0.0,23.0,29.48,29.34,1010.75,4.575,160.25
2024,KAB BANTUL,7,99,-7.902328,110.2862991,0.0186,46.6,62.2,0.0,22.678,28.95,28.682,1011.0,6.545999999999999,147.4
2024,KAB GUNUNG KIDUL,7,158,-7.9930685,110.2704459,0.0186,44.0,63.8,0.0,22.918,28.452,28.338,1011.2,7.186,144.8
2024,KAB KULON PROGO,7,181,-7.8186375,110.1613062,0.0255,57.0,60.4,0.0,21.702,29.882,29.248,1011.0,5.046,161.6
2024,KAB SLEMAN,7,212,-7.7145614,110.3544861,0.02114,55.4,55.8,0.0,20.298,30.002,29.156,1011.0,4.311999999999999,153.8
2024,KOTA YOGYAKARTA,7,21,-7.7955798,110.3694896,0.01672,51.4,58.4,0.0,21.75,29.734,29.174,1011.0,5.2620000000000005,154.6
2024,KAB BANTUL,8,85,-7.902328,110.2862991,0.0167749999999999,28.25,61.25,0.0,21.8625,28.9125,28.2525,1011.75,6.9,153.0
2024,KAB GUNUNG KIDUL,8,64,-7.9930685,110.2704459,0.0167749999999999,27.0,64.0,0.0,21.99,28.4675,27.5975,1011.75,7.2575,150.5
2024,KAB KULON PROGO,8,108,-7.8186375,110.1613062,0.0255,37.75,57.0,0.0,22.1575,31.525,30.76,1011.75,5.8775,156.75
2024,KAB SLEMAN,8,90,-7.7145614,110.3544861,0.0201,30.5,48.5,0.0,20.855,30.72,30.72,1011.5,5.7175,170.25
2024,KOTA YOGYAKARTA,8,17,-7.7955798,110.3694896,0.015725,30.0,54.0,0.0,21.2375,29.655,29.4425,1011.5,6.235,160.25
2024,KAB BANTUL,9,112,-7.902328,110.2862991,0.0165999999999999,61.8,62.4,0.288,23.516,32.314,29.708,1010.0,6.273999999999999,161.6
2024,KAB GUNUNG KIDUL,9,46,-7.9930685,110.2704459,0.0165999999999999,61.0,65.6,0.292,23.686,31.978,28.97,1010.0,6.812,157.6
2024,KAB KULON PROGO,9,176,-7.8186375,110.1613062,0.0255,65.6,58.0,0.388,23.862,32.564,32.102,1010.0,5.274,166.2
2024,KAB SLEMAN,9,110,-7.7145614,110.3544861,0.01972,65.0,50.2,0.196,22.612,32.872,31.42,1009.8,4.7700000000000005,184.0
2024,KOTA YOGYAKARTA,9,19,-7.7955798,110.3694896,0.01506,63.0,55.0,0.364,22.82,32.718,31.046,1010.0,5.526,171.6
2024,KAB BANTUL,10,124,-7.902328,110.2862991,0.0177,69.75,60.0,0.1425,24.31,30.82,30.7175,1009.75,6.0625,160.0
2024,KAB GUNUNG KIDUL,10,59,-7.9930685,110.2704459,0.0177,70.75,64.0,0.1,24.5325,30.0225,29.8025,1010.0,6.6675,154.75
2024,KAB KULON PROGO,10,167,-7.8186375,110.1613062,0.0255,75.25,58.5,0.085,24.3,32.21,31.79,1010.0,5.279999999999999,181.0
2024,KAB SLEMAN,10,120,-7.7145614,110.3544861,0.019975,67.0,50.75,0.605,23.065,31.6975,31.2775,1009.5,5.25,194.0
2024,KOTA YOGYAKARTA,10,14,-7.7955798,110.3694896,0.01505,68.0,52.75,0.22,23.5975,32.21,32.18,1009.5,5.58,184.75
2024,KAB BANTUL,11,139,-7.902328,110.2862991,0.021625,89.0,66.75,15.6825,24.7825,31.6125,31.37,1008.25,3.8625,196.25
2024,KAB GUNUNG KIDUL,11,119,-7.9930685,110.2704459,0.021625,91.25,69.25,15.65,25.0325,31.2525,30.9925,1008.25,4.1175,188.0
2024,KAB KULON PROGO,11,171,-7.8186375,110.1613062,0.0255,88.0,70.25,23.5225,25.975,31.635,31.455,1008.25,3.2975,176.75
2024,KAB SLEMAN,11,126,-7.7145614,110.3544861,0.0211,85.25,62.75,12.975,24.7125,31.48,31.192500000000003,1008.5,3.015,192.0
2024,KOTA YOGYAKARTA,11,23,-7.7955798,110.3694896,0.016,86.25,62.25,16.5325,24.25,31.89,31.68,1008.0,3.105,204.5
2024,KAB BANTUL,12,169,-7.902328,110.2862991,0.02105,90.25,72.5,37.465,24.635,29.9625,29.1825,1007.5,3.985,229.0
2024,KAB GUNUNG KIDUL,12,133,-7.9930685,110.2704459,0.02105,90.5,73.75,37.15,24.8925,29.5825,28.8775,1007.5,4.2325,231.75
2024,KAB KULON PROGO,12,193,-7.8186375,110.1613062,0.0255,92.0,71.25,28.5725,25.7225,32.2175,31.0875,1007.5,3.54,223.0
2024,KAB SLEMAN,12,147,-7.7145614,110.3544861,0.02175,90.0,69.5,27.48,24.43,31.0275,30.3825,1008.0,3.2875,224.75
2024,KOTA YOGYAKARTA,12,23,-7.7955798,110.3694896,0.01995,90.0,69.75,35.4975,24.065,30.3725,29.44,1007.5,3.6425,223.0
2025,KAB BANTUL,1,183,-7.902328,110.2862991,0.02115,95.25,78.25,22.215,23.925,27.6975,27.3125,1009.0,5.02,262.5
2025,KAB GUNUNG KIDUL,1,237,-7.9930685,110.2704459,0.02115,95.0,79.25,23.0525,24.1275,27.46,27.115,1009.0,5.3775,264.0
2025,KAB KULON PROGO,1,468,-7.8186375,110.1613062,0.0255,98.0,83.0,14.5075,25.55,28.75,28.47,1009.0,3.16,265.5
2025,KAB SLEMAN,1,235,-7.7145614,110.3544861,0.0215,98.25,73.5,15.02,24.395,27.56,27.28,1009.25,4.165,249.5
2025,KOTA YOGYAKARTA,1,57,-7.7955798,110.3694896,0.01985,97.0,75.0,18.04,23.51,28.0,27.615,1009.0,4.3675,253.5
2025,KAB BANTUL,2,124,-7.902328,110.2862991,0.020575,92.0,65.25,11.7925,24.3375,30.78,30.700000000000003,1007.5,4.4825,219.0
2025,KAB GUNUNG KIDUL,2,132,-7.9930685,110.2704459,0.020575,92.0,67.0,10.5825,24.5775,30.33,30.1975,1007.5,4.65,221.5
2025,KAB KULON PROGO,2,402,-7.8186375,110.1613062,0.0255,81.75,65.25,10.0,24.9375,31.8325,30.9025,1007.75,3.865,222.5
2025,KAB SLEMAN,2,248,-7.7145614,110.3544861,0.022025,93.5,59.75,9.5875,23.545,30.965,30.89,1007.25,3.66,205.5
2025,KOTA YOGYAKARTA,2,26,-7.7955798,110.3694896,0.020775,91.75,60.25,11.0125,23.745,31.39,31.33,1007.25,4.0725,211.5
2025,KAB BANTUL,3,83,-7.902328,110.2862991,0.02134,83.5,70.2,11.838,23.782,29.962,29.488,1009.0,3.624,170.6
2025,KAB GUNUNG KIDUL,3,104,-7.9930685,110.2704459,0.02134,83.7,71.5,11.672,24.044,29.62,29.186,1009.0,4.242,169.8
2025,KAB KULON PROGO,3,324,-7.8186375,110.1613062,0.0255,86.7,70.9,11.978,24.032,30.154000000000003,29.576,1009.0,3.108,221.8
2025,KAB SLEMAN,3,194,-7.7145614,110.3544861,0.0218,86.1,69.9,10.64,22.73,29.56,29.016,1009.0,3.164,156.6
2025,KOTA YOGYAKARTA,3,18,-7.7955798,110.3694896,0.01928,81.3,68.5,11.224,23.23,30.162,29.64,1009.0,3.1019999999999994,173.4
2025,KAB BANTUL,4,83,-7.902328,110.2862991,0.0217,76.5,72.5,0.9625,26.2775,32.6325,29.935,1009.25,4.3725,191.75
2025,KAB GUNUNG KIDUL,4,54,-7.9930685,110.2704459,0.0217,75.0,74.0,1.015,26.465,32.275,29.6575,1009.5,4.5575,191.25
2025,KAB KULON PROGO,4,167,-7.8186375,110.1613062,0.0255,84.75,69.5,0.7424999999999999,26.4725,31.4225,30.725,1009.25,3.9425,201.75
2025,KAB SLEMAN,4,160,-7.7145614,110.3544861,0.021175,78.75,67.25,0.77,25.2025,33.447500000000005,29.9775,1009.25,3.7725,201.5
2025,KOTA YOGYAKARTA,4,19,-7.7955798,110.3694896,0.0185,77.5,69.0,0.6725,25.8575,33.24,30.2775,1009.0,3.98,196.5
2025,KAB BANTUL,5,67,-7.902328,110.2862991,0.02125,50.5,63.0,2.815,26.3225,32.980000000000004,32.035,1008.25,4.6825,158.75
2025,KAB GUNUNG KIDUL,5,56,-7.9930685,110.2704459,0.02125,51.25,64.5,2.455,26.4725,32.697500000000005,31.8225,1008.25,5.035,159.25
2025,KAB KULON PROGO,5,156,-7.8186375,110.1613062,0.0255,61.0,63.5,2.25,26.615,32.61,32.46,1008.25,3.955,189.5
2025,KAB SLEMAN,5,104,-7.7145614,110.3544861,0.0206,50.25,58.75,2.3775,25.1775,33.1075,31.5125,1008.5,3.7675,172.75
2025,KOTA YOGYAKARTA,5,13,-7.7955798,110.3694896,0.018825,48.5,59.25,4.6525,25.8725,33.3125,32.1425,1008.0,4.0525,165.0
2025,KAB BANTUL,6,88,-7.902328,110.2862991,0.02124,71.6,66.2,0.03,26.154000000000003,31.006,29.874,1009.8,4.87,159.2
2025,KAB GUNUNG KIDUL,6,63,-7.9930685,110.2704459,0.02124,69.8,67.4,0.064,26.164,30.948,29.83,1009.8,5.49,132.4
2025,KAB KULON PROGO,6,149,-7.8186375,110.1613062,0.0255,67.0,70.0,2.438,26.662,32.65,30.762,1009.8,3.906,201.2
2025,KAB SLEMAN,6,169,-7.7145614,110.3544861,0.0210799999999999,74.2,65.0,0.0419999999999999,24.978,30.24,28.834000000000003,1010.2,3.0780000000000003,153.4
2025,KOTA YOGYAKARTA,6,43,-7.7955798,110.3694896,0.01766,73.6,65.0,0.024,25.82,30.836,29.588,1009.6,3.758,157.4
2025,KAB BANTUL,7,55,-7.902328,110.2862991,0.020925,40.25,74.0,0.0,24.285,30.4325,29.1175,1010.25,5.7475000000000005,147.25
2025,KAB GUNUNG KIDUL,7,37,-7.9930685,110.2704459,0.020925,39.25,73.75,0.0,24.285,30.365,29.1175,1010.25,6.445,142.25
2025,KAB KULON PROGO,7,86,-7.8186375,110.1613062,0.0255,42.25,71.5,0.0,25.535,32.2325,31.2725,1010.25,4.220000000000001,156.5
2025,KAB SLEMAN,7,139,-7.7145614,110.3544861,0.0211,42.0,59.75,0.0,23.1925,29.785,27.9725,1010.0,3.465,197.5
2025,KOTA YOGYAKARTA,7,23,-7.7955798,110.3694896,0.01765,41.25,62.0,0.0,23.95,30.1075,28.785,1010.0,4.2325,163.0
2025,KAB BANTUL,8,41,-7.902328,110.2862991,0.0197999999999999,61.0,66.5,0.0,25.88,31.3975,30.3675,1010.75,6.7075,155.75
2025,KAB GUNUNG KIDUL,8,23,-7.9930685,110.2704459,0.0197999999999999,61.0,67.0,0.0,25.88,31.3975,30.3675,1011.0,7.3,152.0
2025,KAB KULON PROGO,8,75,-7.8186375,110.1613062,0.0255,66.75,66.25,0.0,26.8375,31.9475,31.9225,1010.75,5.43,159.0
2025,KAB SLEMAN,8,108,-7.7145614,110.3544861,0.02085,56.25,58.5,0.3175,24.7875,30.1975,29.5025,1010.75,4.38,183.25
2025,KOTA YOGYAKARTA,8,21,-7.7955798,110.3694896,0.017,58.75,57.25,0.055,25.5475,31.0925,30.035,1010.75,5.295,167.75
2025,KAB BANTUL,9,59,-7.902328,110.2862991,0.01998,64.2,60.4,0.53,23.556,31.416,30.51,1011.0,6.640000000000001,156.2
2025,KAB GUNUNG KIDUL,9,57,-7.9930685,110.2704459,0.01998,64.2,60.2,0.372,23.552,31.416,30.51,1011.2,7.122,151.4
2025,KAB KULON PROGO,9,64,-7.8186375,110.1613062,0.0255,60.2,61.4,0.3279999999999999,25.702,32.010000000000005,31.154000000000003,1011.0,5.151999999999999,163.8
2025,KAB SLEMAN,9,130,-7.7145614,110.3544861,0.02052,61.6,54.6,1.318,22.554,29.996,29.084,1011.0,4.954,188.2
2025,KOTA YOGYAKARTA,9,19,-7.7955798,110.3694896,0.01732,63.0,54.6,0.828,23.236,30.728,29.844,1010.8,5.476000000000001,170.0
2025,KAB BANTUL,10,58,-7.902328,110.2862991,0.0194,69.75,57.0,0.3225,24.245,32.95,32.2875,1009.75,5.615,166.5
2025,KAB GUNUNG KIDUL,10,44,-7.9930685,110.2704459,0.0194,70.75,61.0,0.13,24.245,32.8975,32.2875,1009.75,6.1425,163.5
2025,KAB KULON PROGO,10,61,-7.8186375,110.1613062,0.0255,76.5,63.5,0.955,27.29,32.89,32.2125,1009.75,4.5875,187.25
2025,KAB SLEMAN,10,89,-7.7145614,110.3544861,0.0211999999999999,67.0,51.0,0.565,23.1775,32.15,31.03,1009.25,3.655,183.5
2025,KOTA YOGYAKARTA,10,6,-7.7955798,110.3694896,0.01705,67.5,51.0,0.4775,23.905,32.4875,31.79,1009.0,4.32,178.75
2025,KAB BANTUL,11,66,-7.902328,110.2862991,0.020975,93.75,93.5,2.9325,25.23,30.6475,29.7775,1009.75,4.395,210.75
2025,KAB GUNUNG KIDUL,11,74,-7.9930685,110.2704459,0.020975,93.25,93.75,2.9625,25.3225,30.825,29.8625,1009.75,4.59,210.0
2025,KAB KULON PROGO,11,41,-7.8186375,110.1613062,0.0255,97.75,84.75,4.62,25.7475,30.4275,29.7875,1010.0,3.09,207.0
2025,KAB SLEMAN,11,72,-7.7145614,110.3544861,0.01995,96.0,76.0,2.6025,24.3825,28.9975,28.505,1010.0,3.5275,207.0
2025,KOTA YOGYAKARTA,11,14,-7.7955798,110.3694896,0.01695,95.5,82.0,2.76,24.9275,30.2725,29.415,1009.75,3.8275,214.5
2025,KAB BANTUL,12,36,-7.902328,110.2862991,0.02086,99.6,93.8,1.276,25.104000000000003,31.77,30.766,1008.6,4.3420000000000005,208.6
2025,KAB GUNUNG KIDUL,12,53,-7.9930685,110.2704459,0.02086,99.8,94.6,1.618,25.196,31.89,31.182,1008.4,4.416,207.4
2025,KAB KULON PROGO,12,52,-7.8186375,110.1613062,0.0255,100.0,81.2,0.562,26.076,31.206,30.796,1008.4,3.742,209.6
2025,KAB SLEMAN,12,79,-7.7145614,110.3544861,0.02164,98.2,75.6,3.4560000000000004,24.412,30.416,28.56,1008.6,3.986,236.6
2025,KOTA YOGYAKARTA,12,10,-7.7955798,110.3694896,0.01852,99.0,85.0,2.012,24.8,31.426,30.372000000000003,1008.6,4.15,208.0
