EpiYear,EpiWeek,YearWeek,WeekStart,WeekEnd,Kabupaten,Longitude,Latitude,NDVI_calendar,NDVI
2025,1,2025-W01,2024-12-29,2025-01-04,KAB BANTUL,110.2862991,-7.902328,,0.0213
2025,2,2025-W02,2025-01-05,2025-01-11,KAB BANTUL,110.2862991,-7.902328,,
2025,3,2025-W03,2025-01-12,2025-01-18,KAB BANTUL,110.2862991,-7.902328,,0.021
2025,4,2025-W04,2025-01-19,2025-01-25,KAB BANTUL,110.2862991,-7.902328,,
2025,5,2025-W05,2025-01-26,2025-02-01,KAB BANTUL,110.2862991,-7.902328,,
2025,6,2025-W06,2025-02-02,2025-02-08,KAB BANTUL,110.2862991,-7.902328,,0.02
2025,7,2025-W07,2025-02-09,2025-02-15,KAB BANTUL,110.2862991,-7.902328,,
2025,8,2025-W08,2025-02-16,2025-02-22,KAB BANTUL,110.2862991,-7.902328,,0.0213
2025,9,2025-W09,2025-02-23,2025-03-01,KAB BANTUL,110.2862991,-7.902328,,
2025,10,2025-W10,2025-03-02,2025-03-08,KAB BANTUL,110.2862991,-7.902328,,0.021
2025,11,2025-W11,2025-03-09,2025-03-15,KAB BANTUL,110.2862991,-7.902328,,
2025,12,2025-W12,2025-03-16,2025-03-22,KAB BANTUL,110.2862991,-7.902328,,0.0217
2025,13,2025-W13,2025-03-23,2025-03-29,KAB BANTUL,110.2862991,-7.902328,,
2025,14,2025-W14,2025-03-30,2025-04-05,KAB BANTUL,110.2862991,-7.902328,,
2025,15,2025-W15,2025-04-06,2025-04-12,KAB BANTUL,110.2862991,-7.902328,,0.0217
2025,16,2025-W16,2025-04-13,2025-04-19,KAB BANTUL,110.2862991,-7.902328,,
2025,17,2025-W17,2025-04-20,2025-04-26,KAB BANTUL,110.2862991,-7.902328,,
2025,18,2025-W18,2025-04-27,2025-05-03,KAB BANTUL,110.2862991,-7.902328,,
2025,19,2025-W19,2025-05-04,2025-05-10,KAB BANTUL,110.2862991,-7.902328,,0.0211
2025,20,2025-W20,2025-05-11,2025-05-17,KAB BANTUL,110.2862991,-7.902328,,
2025,21,2025-W21,2025-05-18,2025-05-24,KAB BANTUL,110.2862991,-7.902328,,
2025,22,2025-W22,2025-05-25,2025-05-31,KAB BANTUL,110.2862991,-7.902328,,0.0213
2025,23,2025-W23,2025-06-01,2025-06-07,KAB BANTUL,110.2862991,-7.902328,,
2025,24,2025-W24,2025-06-08,2025-06-14,KAB BANTUL,110.2862991,-7.902328,,0.021
2025,25,2025-W25,2025-06-15,2025-06-21,KAB BANTUL,110.2862991,-7.902328,,
2025,26,2025-W26,2025-06-22,2025-06-28,KAB BANTUL,110.2862991,-7.902328,,0.0216
2025,27,2025-W27,2025-06-29,2025-07-05,KAB BANTUL,110.2862991,-7.902328,,
2025,28,2025-W28,2025-07-06,2025-07-12,KAB BANTUL,110.2862991,-7.902328,,0.0207
2025,29,2025-W29,2025-07-13,2025-07-19,KAB BANTUL,110.2862991,-7.902328,,
2025,30,2025-W30,2025-07-20,2025-07-26,KAB BANTUL,110.2862991,-7.902328,,
2025,31,2025-W31,2025-07-27,2025-08-02,KAB BANTUL,110.2862991,-7.902328,,0.02
2025,32,2025-W32,2025-08-03,2025-08-09,KAB BANTUL,110.2862991,-7.902328,,
2025,33,2025-W33,2025-08-10,2025-08-16,KAB BANTUL,110.2862991,-7.902328,,0.0196
2025,34,2025-W34,2025-08-17,2025-08-23,KAB BANTUL,110.2862991,-7.902328,,
2025,35,2025-W35,2025-08-24,2025-08-30,KAB BANTUL,110.2862991,-7.902328,,0.0201
2025,36,2025-W36,2025-08-31,2025-09-06,KAB BANTUL,110.2862991,-7.902328,,
2025,37,2025-W37,2025-09-07,2025-09-13,KAB BANTUL,110.2862991,-7.902328,,
2025,38,2025-W38,2025-09-14,2025-09-20,KAB BANTUL,110.2862991,-7.902328,,0.0198
2025,39,2025-W39,2025-09-21,2025-09-27,KAB BANTUL,110.2862991,-7.902328,,
2025,40,2025-W40,2025-09-28,2025-10-04,KAB BANTUL,110.2862991,-7.902328,,0.0207
2025,41,2025-W41,2025-10-05,2025-10-11,KAB BANTUL,110.2862991,-7.902328,,
2025,42,2025-W42,2025-10-12,2025-10-18,KAB BANTUL,110.2862991,-7.902328,,0.0181
2025,43,2025-W43,2025-10-19,2025-10-25,KAB BANTUL,110.2862991,-7.902328,,
2025,44,2025-W44,2025-10-26,2025-11-01,KAB BANTUL,110.2862991,-7.902328,,0.0204
2025,45,2025-W45,2025-11-02,2025-11-08,KAB BANTUL,110.2862991,-7.902328,,
2025,46,2025-W46,2025-11-09,2025-11-15,KAB BANTUL,110.2862991,-7.902328,,
2025,47,2025-W47,2025-11-16,2025-11-22,KAB BANTUL,110.2862991,-7.902328,,0.0227
2025,48,2025-W48,2025-11-23,2025-11-29,KAB BANTUL,110.2862991,-7.902328,,
2025,49,2025-W49,2025-11-30,2025-12-06,KAB BANTUL,110.2862991,-7.902328,,0.0202
2025,50,2025-W50,2025-12-07,2025-12-13,KAB BANTUL,110.2862991,-7.902328,,
2025,51,2025-W51,2025-12-14,2025-12-20,KAB BANTUL,110.2862991,-7.902328,,0.0206
2025,52,2025-W52,2025-12-21,2025-12-27,KAB BANTUL,110.2862991,-7.902328,,
2025,1,2025-W01,2024-12-29,2025-01-04,KAB GUNUNG KIDUL,110.2704459,-7.9930685,,0.0213
2025,2,2025-W02,2025-01-05,2025-01-11,KAB GUNUNG KIDUL,110.2704459,-7.9930685,,
2025,3,2025-W03,2025-01-12,2025-01-18,KAB GUNUNG KIDUL,110.2704459,-7.9930685,,0.021
2025,4,2025-W04,2025-01-19,2025-01-25,KAB GUNUNG KIDUL,110.2704459,-7.9930685,,
2025,5,2025-W05,2025-01-26,2025-02-01,KAB GUNUNG KIDUL,110.2704459,-7.9930685,,
2025,6,2025-W06,2025-02-02,2025-02-08,KAB GUNUNG KIDUL,110.2704459,-7.9930685,,0.02
2025,7,2025-W07,2025-02-09,2025-02-15,KAB GUNUNG KIDUL,110.2704459,-7.9930685,,
2025,8,2025-W08,2025-02-16,2025-02-22,KAB GUNUNG KIDUL,110.2704459,-7.9930685,,0.0213
2025,9,2025-W09,2025-02-23,2025-03-01,KAB GUNUNG KIDUL,110.2704459,-7.9930685,,
2025,10,2025-W10,2025-03-02,2025-03-08,KAB GUNUNG KIDUL,110.2704459,-7.9930685,,0.021
2025,11,2025-W11,2025-03-09,2025-03-15,KAB GUNUNG KIDUL,110.2704459,-7.9930685,,
2025,12,2025-W12,2025-03-16,2025-03-22,KAB GUNUNG KIDUL,110.2704459,-7.9930685,,0.0217
2025,13,2025-W13,2025-03-23,2025-03-29,KAB GUNUNG KIDUL,110.2704459,-7.9930685,,
2025,14,2025-W14,2025-03-30,2025-04-05,KAB GUNUNG KIDUL,110.2704459,-7.9930685,,
2025,15,2025-W15,2025-04-06,2025-04-12,KAB GUNUNG KIDUL,110.2704459,-7.9930685,,0.0217
2025,16,2025-W16,2025-04-13,2025-04-19,KAB GUNUNG KIDUL,110.2704459,-7.9930685,,
2025,17,2025-W17,2025-04-20,2025-04-26,KAB GUNUNG KIDUL,110.2704459,-7.9930685,,
2025,18,2025-W18,2025-04-27,2025-05-03,KAB GUNUNG KIDUL,110.2704459,-7.9930685,,
2025,19,2025-W19,2025-05-04,2025-05-10,KAB GUNUNG KIDUL,110.2704459,-7.9930685,,0.0211
2025,20,2025-W20,2025-05-11,2025-05-17,KAB GUNUNG KIDUL,110.2704459,-7.9930685,,
2025,21,2025-W21,2025-05-18,2025-05-24,KAB GUNUNG KIDUL,110.2704459,-7.9930685,,
2025,22,2025-W22,2025-05-25,2025-05-31,KAB GUNUNG KIDUL,110.2704459,-7.9930685,,0.0213
2025,23,2025-W23,2025-06-01,2025-06-07,KAB GUNUNG KIDUL,110.2704459,-7.9930685,,
2025,24,2025-W24,2025-06-08,2025-06-14,KAB GUNUNG KIDUL,110.2704459,-7.9930685,,0.021
2025,25,2025-W25,2025-06-15,2025-06-21,KAB GUNUNG KIDUL,110.2704459,-7.9930685,,
2025,26,2025-W26,2025-06-22,2025-06-28,KAB GUNUNG KIDUL,110.2704459,-7.9930685,,0.0216
2025,27,2025-W27,2025-06-29,2025-07-05,KAB GUNUNG KIDUL,110.2704459,-7.9930685,,
2025,28,2025-W28,2025-07-06,2025-07-12,KAB GUNUNG KIDUL,110.2704459,-7.9930685,,0.0207
2025,29,2025-W29,2025-07-13,2025-07-19,KAB GUNUNG KIDUL,110.2704459,-7.9930685,,
2025,30,2025-W30,2025-07-20,2025-07-26,KAB GUNUNG KIDUL,110.2704459,-7.9930685,,
2025,31,2025-W31,2025-07-27,2025-08-02,KAB GUNUNG KIDUL,110.2704459,-7.9930685,,0.02
2025,32,2025-W32,2025-08-03,2025-08-09,KAB GUNUNG KIDUL,110.2704459,-7.9930685,,
2025,33,2025-W33,2025-08-10,2025-08-16,KAB GUNUNG KIDUL,110.2704459,-7.9930685,,0.0196
2025,34,2025-W34,2025-08-17,2025-08-23,KAB GUNUNG KIDUL,110.2704459,-7.9930685,,
2025,35,2025-W35,2025-08-24,2025-08-30,KAB GUNUNG KIDUL,110.2704459,-7.9930685,,0.0201
2025,36,2025-W36,2025-08-31,2025-09-06,KAB GUNUNG KIDUL,110.2704459,-7.9930685,,
2025,37,2025-W37,2025-09-07,2025-09-13,KAB GUNUNG KIDUL,110.2704459,-7.9930685,,
2025,38,2025-W38,2025-09-14,2025-09-20,KAB GUNUNG KIDUL,110.2704459,-7.9930685,,0.0198
2025,39,2025-W39,2025-09-21,2025-09-27,KAB GUNUNG KIDUL,110.2704459,-7.9930685,,
2025,40,2025-W40,2025-09-28,2025-10-04,KAB GUNUNG KIDUL,110.2704459,-7.9930685,,0.0207
2025,41,2025-W41,2025-10-05,2025-10-11,KAB GUNUNG KIDUL,110.2704459,-7.9930685,,
2025,42,2025-W42,2025-10-12,2025-10-18,KAB GUNUNG KIDUL,110.2704459,-7.9930685,,0.0181
2025,43,2025-W43,2025-10-19,2025-10-25,KAB GUNUNG KIDUL,110.2704459,-7.9930685,,
2025,44,2025-W44,2025-10-26,2025-11-01,KAB GUNUNG KIDUL,110.2704459,-7.9930685,,0.0204
2025,45,2025-W45,2025-11-02,2025-11-08,KAB GUNUNG KIDUL,110.2704459,-7.9930685,,
2025,46,2025-W46,2025-11-09,2025-11-15,KAB GUNUNG KIDUL,110.2704459,-7.9930685,,
2025,47,2025-W47,2025-11-16,2025-11-22,KAB GUNUNG KIDUL,110.2704459,-7.9930685,,0.0227
2025,48,2025-W48,2025-11-23,2025-11-29,KAB GUNUNG KIDUL,110.2704459,-7.9930685,,
2025,49,2025-W49,2025-11-30,2025-12-06,KAB GUNUNG KIDUL,110.2704459,-7.9930685,,0.0202
2025,50,2025-W50,2025-12-07,2025-12-13,KAB GUNUNG KIDUL,110.2704459,-7.9930685,,
2025,51,2025-W51,2025-12-14,2025-12-20,KAB GUNUNG KIDUL,110.2704459,-7.9930685,,0.0206
2025,52,2025-W52,2025-12-21,2025-12-27,KAB GUNUNG KIDUL,110.2704459,-7.9930685,,
2025,1,2025-W01,2024-12-29,2025-01-04,KAB KULON PROGO,109.9789867,-7.8124619,,0.0255
2025,2,2025-W02,2025-01-05,2025-01-11,KAB KULON PROGO,109.9789867,-7.8124619,,
2025,3,2025-W03,2025-01-12,2025-01-18,KAB KULON PROGO,109.9789867,-7.8124619,,0.0255
2025,4,2025-W04,2025-01-19,2025-01-25,KAB KULON PROGO,109.9789867,-7.8124619,,
2025,5,2025-W05,2025-01-26,2025-02-01,KAB KULON PROGO,109.9789867,-7.8124619,,
2025,6,2025-W06,2025-02-02,2025-02-08,KAB KULON PROGO,109.9789867,-7.8124619,,0.0255
2025,7,2025-W07,2025-02-09,2025-02-15,KAB KULON PROGO,109.9789867,-7.8124619,,
2025,8,2025-W08,2025-02-16,2025-02-22,KAB KULON PROGO,109.9789867,-7.8124619,,0.0255
2025,9,2025-W09,2025-02-23,2025-03-01,KAB KULON PROGO,109.9789867,-7.8124619,,
2025,10,2025-W10,2025-03-02,2025-03-08,KAB KULON PROGO,109.9789867,-7.8124619,,0.0255
2025,11,2025-W11,2025-03-09,2025-03-15,KAB KULON PROGO,109.9789867,-7.8124619,,
2025,12,2025-W12,2025-03-16,2025-03-22,KAB KULON PROGO,109.9789867,-7.8124619,,0.0255
2025,13,2025-W13,2025-03-23,2025-03-29,KAB KULON PROGO,109.9789867,-7.8124619,,
2025,14,2025-W14,2025-03-30,2025-04-05,KAB KULON PROGO,109.9789867,-7.8124619,,
2025,15,2025-W15,2025-04-06,2025-04-12,KAB KULON PROGO,109.9789867,-7.8124619,,0.0255
2025,16,2025-W16,2025-04-13,2025-04-19,KAB KULON PROGO,109.9789867,-7.8124619,,
2025,17,2025-W17,2025-04-20,2025-04-26,KAB KULON PROGO,109.9789867,-7.8124619,,
2025,18,2025-W18,2025-04-27,2025-05-03,KAB KULON PROGO,109.9789867,-7.8124619,,
2025,19,2025-W19,2025-05-04,2025-05-10,KAB KULON PROGO,109.9789867,-7.8124619,,0.0255
2025,20,2025-W20,2025-05-11,2025-05-17,KAB KULON PROGO,109.9789867,-7.8124619,,
2025,21,2025-W21,2025-05-18,2025-05-24,KAB KULON PROGO,109.9789867,-7.8124619,,
2025,22,2025-W22,2025-05-25,2025-05-31,KAB KULON PROGO,109.9789867,-7.8124619,,0.0255
2025,23,2025-W23,2025-06-01,2025-06-07,KAB KULON PROGO,109.9789867,-7.8124619,,
2025,24,2025-W24,2025-06-08,2025-06-14,KAB KULON PROGO,109.9789867,-7.8124619,,0.0255
2025,25,2025-W25,2025-06-15,2025-06-21,KAB KULON PROGO,109.9789867,-7.8124619,,
2025,26,2025-W26,2025-06-22,2025-06-28,KAB KULON PROGO,109.9789867,-7.8124619,,0.0255
2025,27,2025-W27,2025-06-29,2025-07-05,KAB KULON PROGO,109.9789867,-7.8124619,,
2025,28,2025-W28,2025-07-06,2025-07-12,KAB KULON PROGO,109.9789867,-7.8124619,,0.0255
2025,29,2025-W29,2025-07-13,2025-07-19,KAB KULON PROGO,109.9789867,-7.8124619,,
2025,30,2025-W30,2025-07-20,2025-07-26,KAB KULON PROGO,109.9789867,-7.8124619,,
2025,31,2025-W31,2025-07-27,2025-08-02,KAB KULON PROGO,109.9789867,-7.8124619,,0.0255
2025,32,2025-W32,2025-08-03,2025-08-09,KAB KULON PROGO,109.9789867,-7.8124619,,
2025,33,2025-W33,2025-08-10,2025-08-16,KAB KULON PROGO,109.9789867,-7.8124619,,0.0255
2025,34,2025-W34,2025-08-17,2025-08-23,KAB KULON PROGO,109.9789867,-7.8124619,,
2025,35,2025-W35,2025-08-24,2025-08-30,KAB KULON PROGO,109.9789867,-7.8124619,,0.0255
2025,36,2025-W36,2025-08-31,2025-09-06,KAB KULON PROGO,109.9789867,-7.8124619,,
2025,37,2025-W37,2025-09-07,2025-09-13,KAB KULON PROGO,109.9789867,-7.8124619,,
2025,38,2025-W38,2025-09-14,2025-09-20,KAB KULON PROGO,109.9789867,-7.8124619,,0.0255
2025,39,2025-W39,2025-09-21,2025-09-27,KAB KULON PROGO,109.9789867,-7.8124619,,
2025,40,2025-W40,2025-09-28,2025-10-04,KAB KULON PROGO,109.9789867,-7.8124619,,0.0255
2025,41,2025-W41,2025-10-05,2025-10-11,KAB KULON PROGO,109.9789867,-7.8124619,,
2025,42,2025-W42,2025-10-12,2025-10-18,KAB KULON PROGO,109.9789867,-7.8124619,,0.0255
2025,43,2025-W43,2025-10-19,2025-10-25,KAB KULON PROGO,109.9789867,-7.8124619,,
2025,44,2025-W44,2025-10-26,2025-11-01,KAB KULON PROGO,109.9789867,-7.8124619,,0.0255
2025,45,2025-W45,2025-11-02,2025-11-08,KAB KULON PROGO,109.9789867,-7.8124619,,
2025,46,2025-W46,2025-11-09,2025-11-15,KAB KULON PROGO,109.9789867,-7.8124619,,
2025,47,2025-W47,2025-11-16,2025-11-22,KAB KULON PROGO,109.9789867,-7.8124619,,0.0255
2025,48,2025-W48,2025-11-23,2025-11-29,KAB KULON PROGO,109.9789867,-7.8124619,,
2025,49,2025-W49,2025-11-30,2025-12-06,KAB KULON PROGO,109.9789867,-7.8124619,,0.0255
2025,50,2025-W50,2025-12-07,2025-12-13,KAB KULON PROGO,109.9789867,-7.8124619,,
2025,51,2025-W51,2025-12-14,2025-12-20,KAB KULON PROGO,109.9789867,-7.8124619,,0.0255
2025,52,2025-W52,2025-12-21,2025-12-27,KAB KULON PROGO,109.9789867,-7.8124619,,
2025,1,2025-W01,2024-12-29,2025-01-04,KAB SLEMAN,110.3812751,-7.689718,,0.0207
2025,2,2025-W02,2025-01-05,2025-01-11,KAB SLEMAN,110.3812751,-7.689718,,
2025,3,2025-W03,2025-01-12,2025-01-18,KAB SLEMAN,110.3812751,-7.689718,,0.0223
2025,4,2025-W04,2025-01-19,2025-01-25,KAB SLEMAN,110.3812751,-7.689718,,
2025,5,2025-W05,2025-01-26,2025-02-01,KAB SLEMAN,110.3812751,-7.689718,,
2025,6,2025-W06,2025-02-02,2025-02-08,KAB SLEMAN,110.3812751,-7.689718,,0.0219
2025,7,2025-W07,2025-02-09,2025-02-15,KAB SLEMAN,110.3812751,-7.689718,,
2025,8,2025-W08,2025-02-16,2025-02-22,KAB SLEMAN,110.3812751,-7.689718,,0.022
2025,9,2025-W09,2025-02-23,2025-03-01,KAB SLEMAN,110.3812751,-7.689718,,
2025,10,2025-W10,2025-03-02,2025-03-08,KAB SLEMAN,110.3812751,-7.689718,,0.0224
2025,11,2025-W11,2025-03-09,2025-03-15,KAB SLEMAN,110.3812751,-7.689718,,
2025,12,2025-W12,2025-03-16,2025-03-22,KAB SLEMAN,110.3812751,-7.689718,,0.0211
2025,13,2025-W13,2025-03-23,2025-03-29,KAB SLEMAN,110.3812751,-7.689718,,
2025,14,2025-W14,2025-03-30,2025-04-05,KAB SLEMAN,110.3812751,-7.689718,,
2025,15,2025-W15,2025-04-06,2025-04-12,KAB SLEMAN,110.3812751,-7.689718,,0.0212
2025,16,2025-W16,2025-04-13,2025-04-19,KAB SLEMAN,110.3812751,-7.689718,,
2025,17,2025-W17,2025-04-20,2025-04-26,KAB SLEMAN,110.3812751,-7.689718,,
2025,18,2025-W18,2025-04-27,2025-05-03,KAB SLEMAN,110.3812751,-7.689718,,
2025,19,2025-W19,2025-05-04,2025-05-10,KAB SLEMAN,110.3812751,-7.689718,,0.0204
2025,20,2025-W20,2025-05-11,2025-05-17,KAB SLEMAN,110.3812751,-7.689718,,
2025,21,2025-W21,2025-05-18,2025-05-24,KAB SLEMAN,110.3812751,-7.689718,,
2025,22,2025-W22,2025-05-25,2025-05-31,KAB SLEMAN,110.3812751,-7.689718,,0.0214
2025,23,2025-W23,2025-06-01,2025-06-07,KAB SLEMAN,110.3812751,-7.689718,,
2025,24,2025-W24,2025-06-08,2025-06-14,KAB SLEMAN,110.3812751,-7.689718,,0.0206
2025,25,2025-W25,2025-06-15,2025-06-21,KAB SLEMAN,110.3812751,-7.689718,,
2025,26,2025-W26,2025-06-22,2025-06-28,KAB SLEMAN,110.3812751,-7.689718,,0.0214
2025,27,2025-W27,2025-06-29,2025-07-05,KAB SLEMAN,110.3812751,-7.689718,,
2025,28,2025-W28,2025-07-06,2025-07-12,KAB SLEMAN,110.3812751,-7.689718,,0.021
2025,29,2025-W29,2025-07-13,2025-07-19,KAB SLEMAN,110.3812751,-7.689718,,
2025,30,2025-W30,2025-07-20,2025-07-26,KAB SLEMAN,110.3812751,-7.689718,,
2025,31,2025-W31,2025-07-27,2025-08-02,KAB SLEMAN,110.3812751,-7.689718,,0.021
2025,32,2025-W32,2025-08-03,2025-08-09,KAB SLEMAN,110.3812751,-7.689718,,
2025,33,2025-W33,2025-08-10,2025-08-16,KAB SLEMAN,110.3812751,-7.689718,,0.0207
2025,34,2025-W34,2025-08-17,2025-08-23,KAB SLEMAN,110.3812751,-7.689718,,
2025,35,2025-W35,2025-08-24,2025-08-30,KAB SLEMAN,110.3812751,-7.689718,,0.0204
2025,36,2025-W36,2025-08-31,2025-09-06,KAB SLEMAN,110.3812751,-7.689718,,
2025,37,2025-W37,2025-09-07,2025-09-13,KAB SLEMAN,110.3812751,-7.689718,,
2025,38,2025-W38,2025-09-14,2025-09-20,KAB SLEMAN,110.3812751,-7.689718,,0.0207
2025,39,2025-W39,2025-09-21,2025-09-27,KAB SLEMAN,110.3812751,-7.689718,,
2025,40,2025-W40,2025-09-28,2025-10-04,KAB SLEMAN,110.3812751,-7.689718,,0.0215
2025,41,2025-W41,2025-10-05,2025-10-11,KAB SLEMAN,110.3812751,-7.689718,,
2025,42,2025-W42,2025-10-12,2025-10-18,KAB SLEMAN,110.3812751,-7.689718,,0.0209
2025,43,2025-W43,2025-10-19,2025-10-25,KAB SLEMAN,110.3812751,-7.689718,,
2025,44,2025-W44,2025-10-26,2025-11-01,KAB SLEMAN,110.3812751,-7.689718,,0.0194
2025,45,2025-W45,2025-11-02,2025-11-08,KAB SLEMAN,110.3812751,-7.689718,,
2025,46,2025-W46,2025-11-09,2025-11-15,KAB SLEMAN,110.3812751,-7.689718,,
2025,47,2025-W47,2025-11-16,2025-11-22,KAB SLEMAN,110.3812751,-7.689718,,0.0216
2025,48,2025-W48,2025-11-23,2025-11-29,KAB SLEMAN,110.3812751,-7.689718,,
2025,49,2025-W49,2025-11-30,2025-12-06,KAB SLEMAN,110.3812751,-7.689718,,0.0226
2025,50,2025-W50,2025-12-07,2025-12-13,KAB SLEMAN,110.3812751,-7.689718,,
2025,51,2025-W51,2025-12-14,2025-12-20,KAB SLEMAN,110.3812751,-7.689718,,0.0207
2025,52,2025-W52,2025-12-21,2025-12-27,KAB SLEMAN,110.3812751,-7.689718,,
2025,1,2025-W01,2024-12-29,2025-01-04,KOTA YOGYAKARTA,110.3479391,-7.8239138,,0.0188
2025,2,2025-W02,2025-01-05,2025-01-11,KOTA YOGYAKARTA,110.3479391,-7.8239138,,
2025,3,2025-W03,2025-01-12,2025-01-18,KOTA YOGYAKARTA,110.3479391,-7.8239138,,0.0209
2025,4,2025-W04,2025-01-19,2025-01-25,KOTA YOGYAKARTA,110.3479391,-7.8239138,,
2025,5,2025-W05,2025-01-26,2025-02-01,KOTA YOGYAKARTA,110.3479391,-7.8239138,,
2025,6,2025-W06,2025-02-02,2025-02-08,KOTA YOGYAKARTA,110.3479391,-7.8239138,,0.021
2025,7,2025-W07,2025-02-09,2025-02-15,KOTA YOGYAKARTA,110.3479391,-7.8239138,,
2025,8,2025-W08,2025-02-16,2025-02-22,KOTA YOGYAKARTA,110.3479391,-7.8239138,,0.0202
2025,9,2025-W09,2025-02-23,2025-03-01,KOTA YOGYAKARTA,110.3479391,-7.8239138,,
2025,10,2025-W10,2025-03-02,2025-03-08,KOTA YOGYAKARTA,110.3479391,-7.8239138,,0.019
2025,11,2025-W11,2025-03-09,2025-03-15,KOTA YOGYAKARTA,110.3479391,-7.8239138,,
2025,12,2025-W12,2025-03-16,2025-03-22,KOTA YOGYAKARTA,110.3479391,-7.8239138,,0.0191
2025,13,2025-W13,2025-03-23,2025-03-29,KOTA YOGYAKARTA,110.3479391,-7.8239138,,
2025,14,2025-W14,2025-03-30,2025-04-05,KOTA YOGYAKARTA,110.3479391,-7.8239138,,
2025,15,2025-W15,2025-04-06,2025-04-12,KOTA YOGYAKARTA,110.3479391,-7.8239138,,0.0183
2025,16,2025-W16,2025-04-13,2025-04-19,KOTA YOGYAKARTA,110.3479391,-7.8239138,,
2025,17,2025-W17,2025-04-20,2025-04-26,KOTA YOGYAKARTA,110.3479391,-7.8239138,,
2025,18,2025-W18,2025-04-27,2025-05-03,KOTA YOGYAKARTA,110.3479391,-7.8239138,,
2025,19,2025-W19,2025-05-04,2025-05-10,KOTA YOGYAKARTA,110.3479391,-7.8239138,,0.019
2025,20,2025-W20,2025-05-11,2025-05-17,KOTA YOGYAKARTA,110.3479391,-7.8239138,,
2025,21,2025-W21,2025-05-18,2025-05-24,KOTA YOGYAKARTA,110.3479391,-7.8239138,,
2025,22,2025-W22,2025-05-25,2025-05-31,KOTA YOGYAKARTA,110.3479391,-7.8239138,,0.018
2025,23,2025-W23,2025-06-01,2025-06-07,KOTA YOGYAKARTA,110.3479391,-7.8239138,,
2025,24,2025-W24,2025-06-08,2025-06-14,KOTA YOGYAKARTA,110.3479391,-7.8239138,,0.0171
2025,25,2025-W25,2025-06-15,2025-06-21,KOTA YOGYAKARTA,110.3479391,-7.8239138,,
2025,26,2025-W26,2025-06-22,2025-06-28,KOTA YOGYAKARTA,110.3479391,-7.8239138,,0.0181
2025,27,2025-W27,2025-06-29,2025-07-05,KOTA YOGYAKARTA,110.3479391,-7.8239138,,
2025,28,2025-W28,2025-07-06,2025-07-12,KOTA YOGYAKARTA,110.3479391,-7.8239138,,0.0175
2025,29,2025-W29,2025-07-13,2025-07-19,KOTA YOGYAKARTA,110.3479391,-7.8239138,,
2025,30,2025-W30,2025-07-20,2025-07-26,KOTA YOGYAKARTA,110.3479391,-7.8239138,,
2025,31,2025-W31,2025-07-27,2025-08-02,KOTA YOGYAKARTA,110.3479391,-7.8239138,,0.0171
2025,32,2025-W32,2025-08-03,2025-08-09,KOTA YOGYAKARTA,110.3479391,-7.8239138,,
2025,33,2025-W33,2025-08-10,2025-08-16,KOTA YOGYAKARTA,110.3479391,-7.8239138,,0.0169
2025,34,2025-W34,2025-08-17,2025-08-23,KOTA YOGYAKARTA,110.3479391,-7.8239138,,
2025,35,2025-W35,2025-08-24,2025-08-30,KOTA YOGYAKARTA,110.3479391,-7.8239138,,0.017
2025,36,2025-W36,2025-08-31,2025-09-06,KOTA YOGYAKARTA,110.3479391,-7.8239138,,
2025,37,2025-W37,2025-09-07,2025-09-13,KOTA YOGYAKARTA,110.3479391,-7.8239138,,
2025,38,2025-W38,2025-09-14,2025-09-20,KOTA YOGYAKARTA,110.3479391,-7.8239138,,0.0178
2025,39,2025-W39,2025-09-21,2025-09-27,KOTA YOGYAKARTA,110.3479391,-7.8239138,,
2025,40,2025-W40,2025-09-28,2025-10-04,KOTA YOGYAKARTA,110.3479391,-7.8239138,,0.0175
2025,41,2025-W41,2025-10-05,2025-10-11,KOTA YOGYAKARTA,110.3479391,-7.8239138,,
2025,42,2025-W42,2025-10-12,2025-10-18,KOTA YOGYAKARTA,110.3479391,-7.8239138,,0.0166
2025,43,2025-W43,2025-10-19,2025-10-25,KOTA YOGYAKARTA,110.3479391,-7.8239138,,
2025,44,2025-W44,2025-10-26,2025-11-01,KOTA YOGYAKARTA,110.3479391,-7.8239138,,0.0172
2025,45,2025-W45,2025-11-02,2025-11-08,KOTA YOGYAKARTA,110.3479391,-7.8239138,,
2025,46,2025-W46,2025-11-09,2025-11-15,KOTA YOGYAKARTA,110.3479391,-7.8239138,,
2025,47,2025-W47,2025-11-16,2025-11-22,KOTA YOGYAKARTA,110.3479391,-7.8239138,,0.0162
2025,48,2025-W48,2025-11-23,2025-11-29,KOTA YOGYAKARTA,110.3479391,-7.8239138,,
2025,49,2025-W49,2025-11-30,2025-12-06,KOTA YOGYAKARTA,110.3479391,-7.8239138,,0.0194
2025,50,2025-W50,2025-12-07,2025-12-13,KOTA YOGYAKARTA,110.3479391,-7.8239138,,
2025,51,2025-W51,2025-12-14,2025-12-20,KOTA YOGYAKARTA,110.3479391,-7.8239138,,0.0188
2025,52,2025-W52,2025-12-21,2025-12-27,KOTA YOGYAKARTA,110.3479391,-7.8239138,,
