location_key,region,year,week,timestamp,NDVI_available,NDVI_value,Cloud_Cover_available,Cloud_Cover_value,Humidity_available,Humidity_value,Precipitation_Total_available,Precipitation_Total_value,Temperature_Min_available,Temperature_Min_value,Temperature_Max_available,Temperature_Max_value,Temperature_Avg_available,Temperature_Avg_value,Pressure_available,Pressure_value,Wind_Speed_available,Wind_Speed_value,Wind_Direction_available,Wind_Direction_value,total_params,available_params,missing_params,completeness_percentage,missing_param_list,available_param_list
2025_01_-7.902_110.286,KAB BANTUL,2025,1,2026-03-09T21:47:34.673886,True,0.6574445447233394,True,100.0,True,84.0,True,55.84,True,23.86,True,25.68,True,25.31,True,1010.0,True,3.88,True,259.0,10,10,0,100.0,,"NDVI, Cloud_Cover, Humidity, Precipitation_Total, Temperature_Min, Temperature_Max, Temperature_Avg, Pressure, Wind_Speed, Wind_Direction"
2025_02_-7.902_110.286,KAB BANTUL,2025,2,2026-03-09T21:47:34.675468,True,0.6926930179650093,True,100.0,True,91.0,True,13.94,True,23.37,True,25.5,True,24.88,True,1010.0,True,3.46,True,266.0,10,10,0,100.0,,"NDVI, Cloud_Cover, Humidity, Precipitation_Total, Temperature_Min, Temperature_Max, Temperature_Avg, Pressure, Wind_Speed, Wind_Direction"
2025_03_-7.902_110.286,KAB BANTUL,2025,3,2026-03-09T21:47:34.677067,True,0.6598687204532669,True,93.0,True,69.0,True,8.01,True,24.15,True,29.63,True,29.11,True,1010.0,True,6.26,True,266.0,10,10,0,100.0,,"NDVI, Cloud_Cover, Humidity, Precipitation_Total, Temperature_Min, Temperature_Max, Temperature_Avg, Pressure, Wind_Speed, Wind_Direction"
2025_04_-7.902_110.286,KAB BANTUL,2025,4,2026-03-09T21:47:34.678938,True,0.5868668826224708,True,88.0,True,69.0,True,11.07,True,24.32,True,29.98,True,29.95,True,1006.0,True,6.48,True,259.0,10,10,0,100.0,,"NDVI, Cloud_Cover, Humidity, Precipitation_Total, Temperature_Min, Temperature_Max, Temperature_Avg, Pressure, Wind_Speed, Wind_Direction"
2025_05_-7.902_110.286,KAB BANTUL,2025,5,2026-03-09T21:47:34.680673,True,0.6214860469372256,True,96.0,True,71.0,True,0.75,True,24.36,True,29.68,True,29.57,True,1008.0,True,4.29,True,224.0,10,10,0,100.0,,"NDVI, Cloud_Cover, Humidity, Precipitation_Total, Temperature_Min, Temperature_Max, Temperature_Avg, Pressure, Wind_Speed, Wind_Direction"
2025_06_-7.902_110.286,KAB BANTUL,2025,6,2026-03-09T21:47:34.682072,True,0.6858587198846147,True,99.0,True,57.0,True,33.75,True,23.97,True,32.27,True,32.27,True,1005.0,True,4.52,True,193.0,10,10,0,100.0,,"NDVI, Cloud_Cover, Humidity, Precipitation_Total, Temperature_Min, Temperature_Max, Temperature_Avg, Pressure, Wind_Speed, Wind_Direction"
2025_07_-7.902_110.286,KAB BANTUL,2025,7,2026-03-09T21:47:34.683668,True,0.7233630260676639,True,73.0,True,67.0,True,0.21,True,24.85,True,30.39,True,30.39,True,1008.0,True,5.3,True,252.0,10,10,0,100.0,,"NDVI, Cloud_Cover, Humidity, Precipitation_Total, Temperature_Min, Temperature_Max, Temperature_Avg, Pressure, Wind_Speed, Wind_Direction"
2025_08_-7.902_110.286,KAB BANTUL,2025,8,2026-03-09T21:47:38.374567,True,0.7445641162324775,True,100.0,True,66.0,True,12.46,True,24.17,True,30.78,True,30.57,True,1009.0,True,3.82,True,207.0,10,10,0,100.0,,"NDVI, Cloud_Cover, Humidity, Precipitation_Total, Temperature_Min, Temperature_Max, Temperature_Avg, Pressure, Wind_Speed, Wind_Direction"
2025_09_-7.902_110.286,KAB BANTUL,2025,9,2026-03-09T21:47:41.929367,True,0.5798549258233583,True,67.0,True,64.0,True,18.2,True,23.82,True,31.94,True,31.19,True,1010.0,True,2.76,True,35.0,10,10,0,100.0,,"NDVI, Cloud_Cover, Humidity, Precipitation_Total, Temperature_Min, Temperature_Max, Temperature_Avg, Pressure, Wind_Speed, Wind_Direction"
2025_10_-7.902_110.286,KAB BANTUL,2025,10,2026-03-09T21:47:45.684651,True,0.5382520576003675,True,50.5,True,70.0,True,0.79,True,24.35,True,30.45,True,30.22,True,1008.0,True,5.39,True,147.0,10,10,0,100.0,,"NDVI, Cloud_Cover, Humidity, Precipitation_Total, Temperature_Min, Temperature_Max, Temperature_Avg, Pressure, Wind_Speed, Wind_Direction"
2025_11_-7.902_110.286,KAB BANTUL,2025,11,2026-03-09T21:47:49.167693,True,0.6867860731064273,True,100.0,True,62.0,True,5.94,True,22.89,True,31.17,True,31.17,True,1009.0,True,2.99,True,108.0,10,10,0,100.0,,"NDVI, Cloud_Cover, Humidity, Precipitation_Total, Temperature_Min, Temperature_Max, Temperature_Avg, Pressure, Wind_Speed, Wind_Direction"
2025_12_-7.902_110.286,KAB BANTUL,2025,12,2026-03-09T21:47:52.767597,True,0.6412963086140424,True,100.0,True,89.0,True,23.01,True,23.48,True,25.82,True,24.68,True,1009.0,True,2.09,True,313.0,10,10,0,100.0,,"NDVI, Cloud_Cover, Humidity, Precipitation_Total, Temperature_Min, Temperature_Max, Temperature_Avg, Pressure, Wind_Speed, Wind_Direction"
2025_13_-7.902_110.286,KAB BANTUL,2025,13,2026-03-09T21:47:56.239896,True,0.6331763556054769,True,100.0,True,66.0,True,11.25,True,24.37,True,30.43,True,30.18,True,1009.0,True,4.89,True,250.0,10,10,0,100.0,,"NDVI, Cloud_Cover, Humidity, Precipitation_Total, Temperature_Min, Temperature_Max, Temperature_Avg, Pressure, Wind_Speed, Wind_Direction"
2025_14_-7.902_110.286,KAB BANTUL,2025,14,2026-03-09T21:47:59.716915,True,0.6510427267517886,True,100.0,True,69.0,True,0.0,True,27.37,True,33.57,True,30.34,True,1009.0,True,5.37,True,251.0,10,10,0,100.0,,"NDVI, Cloud_Cover, Humidity, Precipitation_Total, Temperature_Min, Temperature_Max, Temperature_Avg, Pressure, Wind_Speed, Wind_Direction"
2025_15_-7.902_110.286,KAB BANTUL,2025,15,2026-03-09T21:48:03.202098,True,0.6907172368466017,True,48.0,True,62.0,True,0.0,True,25.42,True,32.64,True,31.09,True,1009.0,True,4.6,True,162.0,10,10,0,100.0,,"NDVI, Cloud_Cover, Humidity, Precipitation_Total, Temperature_Min, Temperature_Max, Temperature_Avg, Pressure, Wind_Speed, Wind_Direction"
2025_16_-7.902_110.286,KAB BANTUL,2025,16,2026-03-09T21:48:06.783016,True,0.6798503014233043,True,100.0,True,90.0,True,3.69,True,25.4,True,30.69,True,27.58,True,1010.0,True,3.77,True,129.0,10,10,0,100.0,,"NDVI, Cloud_Cover, Humidity, Precipitation_Total, Temperature_Min, Temperature_Max, Temperature_Avg, Pressure, Wind_Speed, Wind_Direction"
2025_17_-7.902_110.286,KAB BANTUL,2025,17,2026-03-09T21:48:10.438327,True,0.6397270619667396,True,58.0,True,69.0,True,0.16,True,26.92,True,33.63,True,30.73,True,1009.0,True,3.75,True,225.0,10,10,0,100.0,,"NDVI, Cloud_Cover, Humidity, Precipitation_Total, Temperature_Min, Temperature_Max, Temperature_Avg, Pressure, Wind_Speed, Wind_Direction"
2025_18_-7.902_110.286,KAB BANTUL,2025,18,2026-03-09T21:48:13.839399,True,0.6553372531633992,True,1.0,True,60.0,True,0.0,True,25.18,True,31.58,True,31.44,True,1010.0,True,5.05,True,157.0,10,10,0,100.0,,"NDVI, Cloud_Cover, Humidity, Precipitation_Total, Temperature_Min, Temperature_Max, Temperature_Avg, Pressure, Wind_Speed, Wind_Direction"
2025_19_-7.902_110.286,KAB BANTUL,2025,19,2026-03-09T21:48:17.402058,True,0.4487684300513196,True,47.0,True,58.0,True,0.0,True,26.15,True,33.96,True,32.6,True,1007.0,True,4.36,True,132.0,10,10,0,100.0,,"NDVI, Cloud_Cover, Humidity, Precipitation_Total, Temperature_Min, Temperature_Max, Temperature_Avg, Pressure, Wind_Speed, Wind_Direction"
2025_20_-7.902_110.286,KAB BANTUL,2025,20,2026-03-09T21:48:20.866518,True,0.44144964516538643,True,88.0,True,66.0,True,3.55,True,26.39,True,33.81,True,31.53,True,1007.0,True,4.28,True,205.0,10,10,0,100.0,,"NDVI, Cloud_Cover, Humidity, Precipitation_Total, Temperature_Min, Temperature_Max, Temperature_Avg, Pressure, Wind_Speed, Wind_Direction"
2025_21_-7.902_110.286,KAB BANTUL,2025,21,2026-03-09T21:48:24.318703,True,0.46339874888660126,True,66.0,True,68.0,True,7.71,True,27.57,True,32.57,True,32.57,True,1009.0,True,5.04,True,141.0,10,10,0,100.0,,"NDVI, Cloud_Cover, Humidity, Precipitation_Total, Temperature_Min, Temperature_Max, Temperature_Avg, Pressure, Wind_Speed, Wind_Direction"
2025_22_-7.902_110.286,KAB BANTUL,2025,22,2026-03-09T21:48:28.585944,True,0.4457560446655044,True,34.0,True,66.0,True,0.15,True,26.46,True,33.78,True,30.89,True,1008.0,True,2.52,True,187.0,10,10,0,100.0,,"NDVI, Cloud_Cover, Humidity, Precipitation_Total, Temperature_Min, Temperature_Max, Temperature_Avg, Pressure, Wind_Speed, Wind_Direction"
2025_23_-7.902_110.286,KAB BANTUL,2025,23,2026-03-09T21:48:32.011354,True,0.4166984805379734,True,94.0,True,70.0,True,0.0,True,25.73,True,29.62,True,28.51,True,1012.0,True,3.75,True,180.0,10,10,0,100.0,,"NDVI, Cloud_Cover, Humidity, Precipitation_Total, Temperature_Min, Temperature_Max, Temperature_Avg, Pressure, Wind_Speed, Wind_Direction"
2025_24_-7.902_110.286,KAB BANTUL,2025,24,2026-03-09T21:48:35.157215,True,0.4447849005035592,True,98.0,True,64.0,True,0.0,True,25.9,True,30.17,True,29.62,True,1009.0,True,5.7,True,147.0,10,10,0,100.0,,"NDVI, Cloud_Cover, Humidity, Precipitation_Total, Temperature_Min, Temperature_Max, Temperature_Avg, Pressure, Wind_Speed, Wind_Direction"
2025_25_-7.902_110.286,KAB BANTUL,2025,25,2026-03-09T21:48:38.296161,True,0.4374820724964913,True,66.0,True,65.0,True,0.0,True,26.29,True,31.29,True,30.73,True,1010.0,True,5.46,True,150.0,10,10,0,100.0,,"NDVI, Cloud_Cover, Humidity, Precipitation_Total, Temperature_Min, Temperature_Max, Temperature_Avg, Pressure, Wind_Speed, Wind_Direction"
2025_26_-7.902_110.286,KAB BANTUL,2025,26,2026-03-09T21:48:41.712834,True,0.44950946729563973,True,66.0,True,66.0,True,0.0,True,26.39,True,30.17,True,29.62,True,1010.0,True,6.92,True,132.0,10,10,0,100.0,,"NDVI, Cloud_Cover, Humidity, Precipitation_Total, Temperature_Min, Temperature_Max, Temperature_Avg, Pressure, Wind_Speed, Wind_Direction"
2025_27_-7.902_110.286,KAB BANTUL,2025,27,2026-03-09T21:48:44.947303,True,0.4515964304397312,True,56.0,True,62.0,True,0.0,True,26.29,True,30.17,True,30.17,True,1009.0,True,7.48,True,129.0,10,10,0,100.0,,"NDVI, Cloud_Cover, Humidity, Precipitation_Total, Temperature_Min, Temperature_Max, Temperature_Avg, Pressure, Wind_Speed, Wind_Direction"
2025_28_-7.902_110.286,KAB BANTUL,2025,28,2026-03-09T21:48:48.311023,True,0.42769685806186786,True,62.0,True,92.0,True,0.0,True,25.73,True,32.79,True,29.06,True,1011.0,True,4.31,True,146.0,10,10,0,100.0,,"NDVI, Cloud_Cover, Humidity, Precipitation_Total, Temperature_Min, Temperature_Max, Temperature_Avg, Pressure, Wind_Speed, Wind_Direction"
2025_29_-7.902_110.286,KAB BANTUL,2025,29,2026-03-09T21:48:51.625089,True,0.40902466811228605,True,42.0,True,84.0,True,0.0,True,22.55,True,29.15,True,28.51,True,1011.0,True,5.04,True,162.0,10,10,0,100.0,,"NDVI, Cloud_Cover, Humidity, Precipitation_Total, Temperature_Min, Temperature_Max, Temperature_Avg, Pressure, Wind_Speed, Wind_Direction"
2025_30_-7.902_110.286,KAB BANTUL,2025,30,2026-03-09T21:48:55.122716,True,0.4574907847579377,True,1.0,True,58.0,True,0.0,True,22.57,True,29.62,True,28.73,True,1010.0,True,6.16,True,152.0,10,10,0,100.0,,"NDVI, Cloud_Cover, Humidity, Precipitation_Total, Temperature_Min, Temperature_Max, Temperature_Avg, Pressure, Wind_Speed, Wind_Direction"
2025_31_-7.902_110.286,KAB BANTUL,2025,31,2026-03-09T21:48:58.600125,True,0.45966478327447874,True,35.0,True,62.0,True,0.0,True,26.84,True,31.51,True,30.4,True,1011.0,True,6.3,True,156.0,10,10,0,100.0,,"NDVI, Cloud_Cover, Humidity, Precipitation_Total, Temperature_Min, Temperature_Max, Temperature_Avg, Pressure, Wind_Speed, Wind_Direction"
2025_32_-7.902_110.286,KAB BANTUL,2025,32,2026-03-09T21:49:02.216717,True,0.4170015646959009,True,67.0,True,69.0,True,0.0,True,26.84,True,31.51,True,30.73,True,1011.0,True,6.29,True,157.0,10,10,0,100.0,,"NDVI, Cloud_Cover, Humidity, Precipitation_Total, Temperature_Min, Temperature_Max, Temperature_Avg, Pressure, Wind_Speed, Wind_Direction"
2025_33_-7.902_110.286,KAB BANTUL,2025,33,2026-03-09T21:49:05.859589,True,0.448066832203634,True,96.0,True,75.0,True,0.0,True,27.4,True,30.73,True,30.17,True,1011.0,True,6.25,True,160.0,10,10,0,100.0,,"NDVI, Cloud_Cover, Humidity, Precipitation_Total, Temperature_Min, Temperature_Max, Temperature_Avg, Pressure, Wind_Speed, Wind_Direction"
2025_34_-7.902_110.286,KAB BANTUL,2025,34,2026-03-09T21:49:09.502816,True,0.47210265328850015,True,46.0,True,60.0,True,0.0,True,22.44,True,31.84,True,30.17,True,1010.0,True,7.99,True,150.0,10,10,0,100.0,,"NDVI, Cloud_Cover, Humidity, Precipitation_Total, Temperature_Min, Temperature_Max, Temperature_Avg, Pressure, Wind_Speed, Wind_Direction"
2025_35_-7.902_110.286,KAB BANTUL,2025,35,2026-03-09T21:49:13.465861,True,0.4016265382561542,True,56.0,True,65.0,True,0.0,True,24.1,True,31.07,True,29.95,True,1011.0,True,5.0,True,172.0,10,10,0,100.0,,"NDVI, Cloud_Cover, Humidity, Precipitation_Total, Temperature_Min, Temperature_Max, Temperature_Avg, Pressure, Wind_Speed, Wind_Direction"
2025_36_-7.902_110.286,KAB BANTUL,2025,36,2026-03-09T21:49:16.927731,True,0.49376085962802274,True,76.0,True,66.0,True,0.57,True,24.53,True,30.51,True,29.4,True,1011.0,True,7.33,True,147.0,10,10,0,100.0,,"NDVI, Cloud_Cover, Humidity, Precipitation_Total, Temperature_Min, Temperature_Max, Temperature_Avg, Pressure, Wind_Speed, Wind_Direction"
2025_37_-7.902_110.286,KAB BANTUL,2025,37,2026-03-09T21:49:20.428545,True,0.5315899359577044,True,83.0,True,56.0,True,0.0,True,24.27,True,30.51,True,30.51,True,1012.0,True,6.98,True,151.0,10,10,0,100.0,,"NDVI, Cloud_Cover, Humidity, Precipitation_Total, Temperature_Min, Temperature_Max, Temperature_Avg, Pressure, Wind_Speed, Wind_Direction"
2025_38_-7.902_110.286,KAB BANTUL,2025,38,2026-03-09T21:49:23.723195,True,0.5336972562334344,True,54.0,True,54.0,True,0.0,True,22.44,True,32.73,True,31.07,True,1011.0,True,7.31,True,150.0,10,10,0,100.0,,"NDVI, Cloud_Cover, Humidity, Precipitation_Total, Temperature_Min, Temperature_Max, Temperature_Avg, Pressure, Wind_Speed, Wind_Direction"
2025_39_-7.902_110.286,KAB BANTUL,2025,39,2026-03-09T21:49:27.079506,True,0.42789788616478575,True,52.0,True,61.0,True,2.08,True,22.44,True,32.26,True,31.62,True,1010.0,True,6.58,True,161.0,10,10,0,100.0,,"NDVI, Cloud_Cover, Humidity, Precipitation_Total, Temperature_Min, Temperature_Max, Temperature_Avg, Pressure, Wind_Speed, Wind_Direction"
2025_40_-7.902_110.286,KAB BANTUL,2025,40,2026-03-09T21:49:30.648820,True,0.522761341164571,True,83.0,True,51.0,True,0.66,True,22.44,True,34.62,True,33.29,True,1011.0,True,6.73,True,150.0,10,10,0,100.0,,"NDVI, Cloud_Cover, Humidity, Precipitation_Total, Temperature_Min, Temperature_Max, Temperature_Avg, Pressure, Wind_Speed, Wind_Direction"
2025_41_-7.902_110.286,KAB BANTUL,2025,41,2026-03-09T21:49:33.884625,True,0.45524134537332434,True,54.0,True,62.0,True,0.0,True,22.44,True,31.84,True,31.07,True,1012.0,True,4.78,True,180.0,10,10,0,100.0,,"NDVI, Cloud_Cover, Humidity, Precipitation_Total, Temperature_Min, Temperature_Max, Temperature_Avg, Pressure, Wind_Speed, Wind_Direction"
2025_42_-7.902_110.286,KAB BANTUL,2025,42,2026-03-09T21:49:37.605969,True,0.424118981231746,True,94.0,True,53.0,True,0.52,True,25.77,True,33.29,True,32.95,True,1010.0,True,6.08,True,161.0,10,10,0,100.0,,"NDVI, Cloud_Cover, Humidity, Precipitation_Total, Temperature_Min, Temperature_Max, Temperature_Avg, Pressure, Wind_Speed, Wind_Direction"
2025_43_-7.902_110.286,KAB BANTUL,2025,43,2026-03-09T21:49:41.064427,True,0.5143102195819111,True,48.0,True,62.0,True,0.11,True,26.33,True,32.05,True,31.84,True,1006.0,True,4.87,True,175.0,10,10,0,100.0,,"NDVI, Cloud_Cover, Humidity, Precipitation_Total, Temperature_Min, Temperature_Max, Temperature_Avg, Pressure, Wind_Speed, Wind_Direction"
2025_44_-7.902_110.286,KAB BANTUL,2025,44,2026-03-09T21:49:44.778482,True,0.5045257959159538,True,100.0,True,88.0,True,2.83,True,25.1,True,28.51,True,26.93,True,1010.0,True,3.99,True,187.0,10,10,0,100.0,,"NDVI, Cloud_Cover, Humidity, Precipitation_Total, Temperature_Min, Temperature_Max, Temperature_Avg, Pressure, Wind_Speed, Wind_Direction"
2025_45_-7.902_110.286,KAB BANTUL,2025,45,2026-03-09T21:49:48.255780,True,0.6346493810955871,True,100.0,True,100.0,True,2.81,True,26.22,True,30.41,True,30.41,True,1011.0,True,4.8,True,151.0,10,10,0,100.0,,"NDVI, Cloud_Cover, Humidity, Precipitation_Total, Temperature_Min, Temperature_Max, Temperature_Avg, Pressure, Wind_Speed, Wind_Direction"
2025_46_-7.902_110.286,KAB BANTUL,2025,46,2026-03-09T21:49:51.638252,True,0.6590672566815153,True,100.0,True,86.0,True,6.09,True,24.66,True,32.24,True,31.29,True,1009.0,True,4.69,True,283.0,10,10,0,100.0,,"NDVI, Cloud_Cover, Humidity, Precipitation_Total, Temperature_Min, Temperature_Max, Temperature_Avg, Pressure, Wind_Speed, Wind_Direction"
2025_47_-7.902_110.286,KAB BANTUL,2025,47,2026-03-09T21:49:55.322802,True,0.5770469182818727,True,75.0,True,100.0,True,0.0,True,24.94,True,31.43,True,30.48,True,1009.0,True,4.1,True,222.0,10,10,0,100.0,,"NDVI, Cloud_Cover, Humidity, Precipitation_Total, Temperature_Min, Temperature_Max, Temperature_Avg, Pressure, Wind_Speed, Wind_Direction"
2025_48_-7.902_110.286,KAB BANTUL,2025,48,2026-03-09T21:49:58.897321,True,0.6094489136933546,True,98.0,True,100.0,True,3.78,True,25.21,True,32.05,True,32.05,True,1008.0,True,4.43,True,225.0,10,10,0,100.0,,"NDVI, Cloud_Cover, Humidity, Precipitation_Total, Temperature_Min, Temperature_Max, Temperature_Avg, Pressure, Wind_Speed, Wind_Direction"
2025_49_-7.902_110.286,KAB BANTUL,2025,49,2026-03-09T21:50:02.495228,True,0.6151358026457039,True,100.0,True,100.0,True,0.0,True,24.66,True,31.63,True,30.96,True,1011.0,True,4.42,True,191.0,10,10,0,100.0,,"NDVI, Cloud_Cover, Humidity, Precipitation_Total, Temperature_Min, Temperature_Max, Temperature_Avg, Pressure, Wind_Speed, Wind_Direction"
2025_50_-7.902_110.286,KAB BANTUL,2025,50,2026-03-09T21:50:05.879671,True,0.6532994719711013,True,100.0,True,95.0,True,0.84,True,24.94,True,30.17,True,28.52,True,1010.0,True,3.25,True,192.0,10,10,0,100.0,,"NDVI, Cloud_Cover, Humidity, Precipitation_Total, Temperature_Min, Temperature_Max, Temperature_Avg, Pressure, Wind_Speed, Wind_Direction"
2025_51_-7.902_110.286,KAB BANTUL,2025,51,2026-03-09T21:50:09.316635,True,0.5803484133466132,True,100.0,True,100.0,True,0.0,True,25.21,True,32.05,True,31.01,True,1007.0,True,5.86,True,249.0,10,10,0,100.0,,"NDVI, Cloud_Cover, Humidity, Precipitation_Total, Temperature_Min, Temperature_Max, Temperature_Avg, Pressure, Wind_Speed, Wind_Direction"
2025_52_-7.902_110.286,KAB BANTUL,2025,52,2026-03-09T21:50:12.703629,True,0.650611704149607,True,100.0,True,74.0,True,1.76,True,25.5,True,32.95,True,31.29,True,1007.0,True,3.75,True,186.0,10,10,0,100.0,,"NDVI, Cloud_Cover, Humidity, Precipitation_Total, Temperature_Min, Temperature_Max, Temperature_Avg, Pressure, Wind_Speed, Wind_Direction"
2025_01_-7.993_110.27,KAB GUNUNG KIDUL,2025,1,2026-03-09T21:50:16.320661,True,0.6676845857887965,True,100.0,True,83.0,True,53.99,True,24.04,True,25.67,True,25.38,True,1010.0,True,4.61,True,255.0,10,10,0,100.0,,"NDVI, Cloud_Cover, Humidity, Precipitation_Total, Temperature_Min, Temperature_Max, Temperature_Avg, Pressure, Wind_Speed, Wind_Direction"
2025_02_-7.993_110.27,KAB GUNUNG KIDUL,2025,2,2026-03-09T21:50:19.900810,True,0.6816730384637262,True,100.0,True,91.0,True,19.22,True,23.57,True,25.48,True,24.97,True,1010.0,True,3.91,True,272.0,10,10,0,100.0,,"NDVI, Cloud_Cover, Humidity, Precipitation_Total, Temperature_Min, Temperature_Max, Temperature_Avg, Pressure, Wind_Speed, Wind_Direction"
2025_03_-7.993_110.27,KAB GUNUNG KIDUL,2025,3,2026-03-09T21:50:23.391439,True,0.632917521820854,True,94.0,True,72.0,True,7.88,True,24.33,True,29.11,True,28.6,True,1010.0,True,6.36,True,268.0,10,10,0,100.0,,"NDVI, Cloud_Cover, Humidity, Precipitation_Total, Temperature_Min, Temperature_Max, Temperature_Avg, Pressure, Wind_Speed, Wind_Direction"
2025_04_-7.993_110.27,KAB GUNUNG KIDUL,2025,4,2026-03-09T21:50:26.763211,True,0.6121905790022689,True,86.0,True,71.0,True,11.12,True,24.57,True,29.58,True,29.51,True,1006.0,True,6.63,True,261.0,10,10,0,100.0,,"NDVI, Cloud_Cover, Humidity, Precipitation_Total, Temperature_Min, Temperature_Max, Temperature_Avg, Pressure, Wind_Speed, Wind_Direction"
2025_05_-7.993_110.27,KAB GUNUNG KIDUL,2025,5,2026-03-09T21:50:30.222449,True,0.5528311233869233,True,97.0,True,73.0,True,0.58,True,24.64,True,29.3,True,29.06,True,1008.0,True,4.19,True,225.0,10,10,0,100.0,,"NDVI, Cloud_Cover, Humidity, Precipitation_Total, Temperature_Min, Temperature_Max, Temperature_Avg, Pressure, Wind_Speed, Wind_Direction"
2025_06_-7.993_110.27,KAB GUNUNG KIDUL,2025,6,2026-03-09T21:50:33.729292,True,0.6286042481526835,True,100.0,True,58.0,True,28.33,True,24.2,True,31.74,True,31.74,True,1005.0,True,4.9,True,195.0,10,10,0,100.0,,"NDVI, Cloud_Cover, Humidity, Precipitation_Total, Temperature_Min, Temperature_Max, Temperature_Avg, Pressure, Wind_Speed, Wind_Direction"
2025_07_-7.993_110.27,KAB GUNUNG KIDUL,2025,7,2026-03-09T21:50:36.883130,True,0.6541099399069781,True,75.0,True,69.0,True,0.28,True,25.2,True,29.88,True,29.88,True,1008.0,True,5.38,True,255.0,10,10,0,100.0,,"NDVI, Cloud_Cover, Humidity, Precipitation_Total, Temperature_Min, Temperature_Max, Temperature_Avg, Pressure, Wind_Speed, Wind_Direction"
2025_08_-7.993_110.27,KAB GUNUNG KIDUL,2025,8,2026-03-09T21:50:40.386561,True,0.6384112638846542,True,96.0,True,68.0,True,13.14,True,24.27,True,30.4,True,30.11,True,1009.0,True,4.13,True,211.0,10,10,0,100.0,,"NDVI, Cloud_Cover, Humidity, Precipitation_Total, Temperature_Min, Temperature_Max, Temperature_Avg, Pressure, Wind_Speed, Wind_Direction"
2025_09_-7.993_110.27,KAB GUNUNG KIDUL,2025,9,2026-03-09T21:50:43.512108,True,0.6888013919297511,True,64.0,True,67.0,True,19.3,True,23.95,True,31.41,True,30.56,True,1010.0,True,3.29,True,39.0,10,10,0,100.0,,"NDVI, Cloud_Cover, Humidity, Precipitation_Total, Temperature_Min, Temperature_Max, Temperature_Avg, Pressure, Wind_Speed, Wind_Direction"
2025_10_-7.993_110.27,KAB GUNUNG KIDUL,2025,10,2026-03-09T21:50:47.033202,True,0.6197687166458372,True,54.5,True,71.5,True,0.11,True,24.68,True,30.13,True,29.91,True,1008.0,True,6.27,True,144.0,10,10,0,100.0,,"NDVI, Cloud_Cover, Humidity, Precipitation_Total, Temperature_Min, Temperature_Max, Temperature_Avg, Pressure, Wind_Speed, Wind_Direction"
2025_11_-7.993_110.27,KAB GUNUNG KIDUL,2025,11,2026-03-09T21:50:50.669210,True,0.6375728872087865,True,100.0,True,62.0,True,4.71,True,23.17,True,30.83,True,30.83,True,1009.0,True,3.75,True,111.0,10,10,0,100.0,,"NDVI, Cloud_Cover, Humidity, Precipitation_Total, Temperature_Min, Temperature_Max, Temperature_Avg, Pressure, Wind_Speed, Wind_Direction"
2025_12_-7.993_110.27,KAB GUNUNG KIDUL,2025,12,2026-03-09T21:50:54.207396,True,0.6892444954091241,True,100.0,True,88.0,True,24.63,True,23.76,True,25.81,True,24.87,True,1009.0,True,2.86,True,300.0,10,10,0,100.0,,"NDVI, Cloud_Cover, Humidity, Precipitation_Total, Temperature_Min, Temperature_Max, Temperature_Avg, Pressure, Wind_Speed, Wind_Direction"
2025_13_-7.993_110.27,KAB GUNUNG KIDUL,2025,13,2026-03-09T21:50:58.094220,True,0.5534253875001278,True,100.0,True,69.0,True,9.61,True,24.66,True,29.92,True,29.76,True,1009.0,True,5.04,True,255.0,10,10,0,100.0,,"NDVI, Cloud_Cover, Humidity, Precipitation_Total, Temperature_Min, Temperature_Max, Temperature_Avg, Pressure, Wind_Speed, Wind_Direction"
2025_14_-7.993_110.27,KAB GUNUNG KIDUL,2025,14,2026-03-09T21:51:01.684899,True,0.6124194052533185,True,100.0,True,71.0,True,0.0,True,27.53,True,33.12,True,30.01,True,1009.0,True,5.38,True,254.0,10,10,0,100.0,,"NDVI, Cloud_Cover, Humidity, Precipitation_Total, Temperature_Min, Temperature_Max, Temperature_Avg, Pressure, Wind_Speed, Wind_Direction"
2025_15_-7.993_110.27,KAB GUNUNG KIDUL,2025,15,2026-03-09T21:51:05.190656,True,0.608484361827196,True,44.0,True,64.0,True,0.0,True,25.68,True,32.27,True,30.65,True,1010.0,True,4.94,True,160.0,10,10,0,100.0,,"NDVI, Cloud_Cover, Humidity, Precipitation_Total, Temperature_Min, Temperature_Max, Temperature_Avg, Pressure, Wind_Speed, Wind_Direction"
2025_16_-7.993_110.27,KAB GUNUNG KIDUL,2025,16,2026-03-09T21:51:08.435754,True,0.6132857845097021,True,100.0,True,90.0,True,3.73,True,25.57,True,30.57,True,27.49,True,1010.0,True,4.39,True,124.0,10,10,0,100.0,,"NDVI, Cloud_Cover, Humidity, Precipitation_Total, Temperature_Min, Temperature_Max, Temperature_Avg, Pressure, Wind_Speed, Wind_Direction"
2025_17_-7.993_110.27,KAB GUNUNG KIDUL,2025,17,2026-03-09T21:51:11.994627,True,0.6732507163082572,True,56.0,True,71.0,True,0.33,True,27.08,True,33.14,True,30.48,True,1009.0,True,3.52,True,227.0,10,10,0,100.0,,"NDVI, Cloud_Cover, Humidity, Precipitation_Total, Temperature_Min, Temperature_Max, Temperature_Avg, Pressure, Wind_Speed, Wind_Direction"
2025_18_-7.993_110.27,KAB GUNUNG KIDUL,2025,18,2026-03-09T21:51:15.644232,True,0.6948946511095789,True,1.0,True,62.0,True,0.0,True,25.45,True,31.26,True,31.16,True,1010.0,True,5.34,True,153.0,10,10,0,100.0,,"NDVI, Cloud_Cover, Humidity, Precipitation_Total, Temperature_Min, Temperature_Max, Temperature_Avg, Pressure, Wind_Speed, Wind_Direction"
2025_19_-7.993_110.27,KAB GUNUNG KIDUL,2025,19,2026-03-09T21:51:19.052075,True,0.4147614659479119,True,46.0,True,59.0,True,0.11,True,26.35,True,33.6,True,32.4,True,1007.0,True,4.77,True,140.0,10,10,0,100.0,,"NDVI, Cloud_Cover, Humidity, Precipitation_Total, Temperature_Min, Temperature_Max, Temperature_Avg, Pressure, Wind_Speed, Wind_Direction"
2025_20_-7.993_110.27,KAB GUNUNG KIDUL,2025,20,2026-03-09T21:51:22.436940,True,0.4577261070479551,True,90.0,True,68.0,True,3.06,True,26.52,True,33.36,True,31.16,True,1007.0,True,4.2,True,208.0,10,10,0,100.0,,"NDVI, Cloud_Cover, Humidity, Precipitation_Total, Temperature_Min, Temperature_Max, Temperature_Avg, Pressure, Wind_Speed, Wind_Direction"
2025_21_-7.993_110.27,KAB GUNUNG KIDUL,2025,21,2026-03-09T21:51:25.886755,True,0.4790339101177045,True,68.0,True,69.0,True,6.65,True,27.57,True,32.57,True,32.57,True,1009.0,True,5.83,True,136.0,10,10,0,100.0,,"NDVI, Cloud_Cover, Humidity, Precipitation_Total, Temperature_Min, Temperature_Max, Temperature_Avg, Pressure, Wind_Speed, Wind_Direction"
2025_22_-7.993_110.27,KAB GUNUNG KIDUL,2025,22,2026-03-09T21:51:29.707892,True,0.4285583576795462,True,35.0,True,67.0,True,0.32,True,26.46,True,33.49,True,30.67,True,1008.0,True,3.11,True,200.0,10,10,0,100.0,,"NDVI, Cloud_Cover, Humidity, Precipitation_Total, Temperature_Min, Temperature_Max, Temperature_Avg, Pressure, Wind_Speed, Wind_Direction"
2025_23_-7.993_110.27,KAB GUNUNG KIDUL,2025,23,2026-03-09T21:51:33.214986,True,0.4408788787375719,True,93.0,True,71.0,True,0.0,True,25.73,True,29.62,True,28.51,True,1012.0,True,4.06,True,39.0,10,10,0,100.0,,"NDVI, Cloud_Cover, Humidity, Precipitation_Total, Temperature_Min, Temperature_Max, Temperature_Avg, Pressure, Wind_Speed, Wind_Direction"
2025_24_-7.993_110.27,KAB GUNUNG KIDUL,2025,24,2026-03-09T21:51:36.845865,True,0.4616738325555575,True,97.0,True,65.0,True,0.0,True,25.9,True,30.17,True,29.62,True,1009.0,True,6.05,True,145.0,10,10,0,100.0,,"NDVI, Cloud_Cover, Humidity, Precipitation_Total, Temperature_Min, Temperature_Max, Temperature_Avg, Pressure, Wind_Speed, Wind_Direction"
2025_25_-7.993_110.27,KAB GUNUNG KIDUL,2025,25,2026-03-09T21:51:40.228107,True,0.4357361202697099,True,63.0,True,67.0,True,0.0,True,26.29,True,31.29,True,30.73,True,1010.0,True,6.23,True,145.0,10,10,0,100.0,,"NDVI, Cloud_Cover, Humidity, Precipitation_Total, Temperature_Min, Temperature_Max, Temperature_Avg, Pressure, Wind_Speed, Wind_Direction"
2025_26_-7.993_110.27,KAB GUNUNG KIDUL,2025,26,2026-03-09T21:51:43.755502,True,0.4773456486121835,True,61.0,True,67.0,True,0.0,True,26.44,True,30.17,True,29.62,True,1010.0,True,8.0,True,133.0,10,10,0,100.0,,"NDVI, Cloud_Cover, Humidity, Precipitation_Total, Temperature_Min, Temperature_Max, Temperature_Avg, Pressure, Wind_Speed, Wind_Direction"
2025_27_-7.993_110.27,KAB GUNUNG KIDUL,2025,27,2026-03-09T21:51:47.190888,True,0.5076183304473207,True,52.0,True,63.0,True,0.0,True,26.29,True,30.17,True,30.17,True,1009.0,True,8.57,True,129.0,10,10,0,100.0,,"NDVI, Cloud_Cover, Humidity, Precipitation_Total, Temperature_Min, Temperature_Max, Temperature_Avg, Pressure, Wind_Speed, Wind_Direction"
2025_28_-7.993_110.27,KAB GUNUNG KIDUL,2025,28,2026-03-09T21:51:50.656983,True,0.39955247090218676,True,65.0,True,91.0,True,0.0,True,25.73,True,32.71,True,29.06,True,1011.0,True,5.29,True,141.0,10,10,0,100.0,,"NDVI, Cloud_Cover, Humidity, Precipitation_Total, Temperature_Min, Temperature_Max, Temperature_Avg, Pressure, Wind_Speed, Wind_Direction"
2025_29_-7.993_110.27,KAB GUNUNG KIDUL,2025,29,2026-03-09T21:51:54.202840,True,0.44028261209605596,True,39.0,True,83.0,True,0.0,True,22.55,True,28.96,True,28.51,True,1011.0,True,5.36,True,154.0,10,10,0,100.0,,"NDVI, Cloud_Cover, Humidity, Precipitation_Total, Temperature_Min, Temperature_Max, Temperature_Avg, Pressure, Wind_Speed, Wind_Direction"
2025_30_-7.993_110.27,KAB GUNUNG KIDUL,2025,30,2026-03-09T21:51:57.692449,True,0.416247357679839,True,1.0,True,58.0,True,0.0,True,22.57,True,29.62,True,28.73,True,1010.0,True,6.56,True,145.0,10,10,0,100.0,,"NDVI, Cloud_Cover, Humidity, Precipitation_Total, Temperature_Min, Temperature_Max, Temperature_Avg, Pressure, Wind_Speed, Wind_Direction"
2025_31_-7.993_110.27,KAB GUNUNG KIDUL,2025,31,2026-03-09T21:52:01.202614,True,0.4440168444731915,True,29.0,True,62.0,True,0.0,True,26.84,True,31.51,True,30.4,True,1012.0,True,6.64,True,152.0,10,10,0,100.0,,"NDVI, Cloud_Cover, Humidity, Precipitation_Total, Temperature_Min, Temperature_Max, Temperature_Avg, Pressure, Wind_Speed, Wind_Direction"
2025_32_-7.993_110.27,KAB GUNUNG KIDUL,2025,32,2026-03-09T21:52:04.677997,True,0.4496703557844697,True,68.0,True,70.0,True,0.0,True,26.84,True,31.51,True,30.73,True,1011.0,True,6.88,True,153.0,10,10,0,100.0,,"NDVI, Cloud_Cover, Humidity, Precipitation_Total, Temperature_Min, Temperature_Max, Temperature_Avg, Pressure, Wind_Speed, Wind_Direction"
2025_33_-7.993_110.27,KAB GUNUNG KIDUL,2025,33,2026-03-09T21:52:08.241970,True,0.39446384671608203,True,94.0,True,75.0,True,0.0,True,27.4,True,30.73,True,30.17,True,1011.0,True,6.57,True,155.0,10,10,0,100.0,,"NDVI, Cloud_Cover, Humidity, Precipitation_Total, Temperature_Min, Temperature_Max, Temperature_Avg, Pressure, Wind_Speed, Wind_Direction"
2025_34_-7.993_110.27,KAB GUNUNG KIDUL,2025,34,2026-03-09T21:52:11.471967,True,0.4612369013275905,True,53.0,True,61.0,True,0.0,True,22.44,True,31.84,True,30.17,True,1010.0,True,9.11,True,148.0,10,10,0,100.0,,"NDVI, Cloud_Cover, Humidity, Precipitation_Total, Temperature_Min, Temperature_Max, Temperature_Avg, Pressure, Wind_Speed, Wind_Direction"
2025_35_-7.993_110.27,KAB GUNUNG KIDUL,2025,35,2026-03-09T21:52:15.221449,True,0.5053216013791404,True,58.0,True,65.0,True,0.0,True,24.1,True,31.07,True,29.95,True,1011.0,True,5.29,True,166.0,10,10,0,100.0,,"NDVI, Cloud_Cover, Humidity, Precipitation_Total, Temperature_Min, Temperature_Max, Temperature_Avg, Pressure, Wind_Speed, Wind_Direction"
2025_36_-7.993_110.27,KAB GUNUNG KIDUL,2025,36,2026-03-09T21:52:18.685571,True,0.5273771537742846,True,75.0,True,66.0,True,0.34,True,24.51,True,30.51,True,29.4,True,1011.0,True,8.15,True,142.0,10,10,0,100.0,,"NDVI, Cloud_Cover, Humidity, Precipitation_Total, Temperature_Min, Temperature_Max, Temperature_Avg, Pressure, Wind_Speed, Wind_Direction"
2025_37_-7.993_110.27,KAB GUNUNG KIDUL,2025,37,2026-03-09T21:52:22.148194,True,0.4193980254566208,True,81.0,True,54.0,True,0.0,True,24.27,True,30.51,True,30.51,True,1012.0,True,7.32,True,146.0,10,10,0,100.0,,"NDVI, Cloud_Cover, Humidity, Precipitation_Total, Temperature_Min, Temperature_Max, Temperature_Avg, Pressure, Wind_Speed, Wind_Direction"
2025_38_-7.993_110.27,KAB GUNUNG KIDUL,2025,38,2026-03-09T21:52:25.346624,True,0.36829991818249264,True,54.0,True,55.0,True,0.0,True,22.44,True,32.73,True,31.07,True,1012.0,True,7.44,True,148.0,10,10,0,100.0,,"NDVI, Cloud_Cover, Humidity, Precipitation_Total, Temperature_Min, Temperature_Max, Temperature_Avg, Pressure, Wind_Speed, Wind_Direction"
2025_39_-7.993_110.27,KAB GUNUNG KIDUL,2025,39,2026-03-09T21:52:28.518904,True,0.45334825177571736,True,53.0,True,61.0,True,1.52,True,22.44,True,32.26,True,31.62,True,1010.0,True,7.41,True,155.0,10,10,0,100.0,,"NDVI, Cloud_Cover, Humidity, Precipitation_Total, Temperature_Min, Temperature_Max, Temperature_Avg, Pressure, Wind_Speed, Wind_Direction"
2025_40_-7.993_110.27,KAB GUNUNG KIDUL,2025,40,2026-03-09T21:52:31.982231,True,0.5101136557187947,True,82.0,True,68.0,True,0.0,True,22.44,True,34.62,True,33.29,True,1011.0,True,7.88,True,148.0,10,10,0,100.0,,"NDVI, Cloud_Cover, Humidity, Precipitation_Total, Temperature_Min, Temperature_Max, Temperature_Avg, Pressure, Wind_Speed, Wind_Direction"
2025_41_-7.993_110.27,KAB GUNUNG KIDUL,2025,41,2026-03-09T21:52:35.699528,True,0.4475172384555971,True,59.0,True,57.0,True,0.0,True,22.44,True,31.84,True,31.07,True,1012.0,True,4.76,True,184.0,10,10,0,100.0,,"NDVI, Cloud_Cover, Humidity, Precipitation_Total, Temperature_Min, Temperature_Max, Temperature_Avg, Pressure, Wind_Speed, Wind_Direction"
2025_42_-7.993_110.27,KAB GUNUNG KIDUL,2025,42,2026-03-09T21:52:39.083761,True,0.4666712842769399,True,94.0,True,56.0,True,0.32,True,25.77,True,33.29,True,32.95,True,1010.0,True,6.92,True,156.0,10,10,0,100.0,,"NDVI, Cloud_Cover, Humidity, Precipitation_Total, Temperature_Min, Temperature_Max, Temperature_Avg, Pressure, Wind_Speed, Wind_Direction"
2025_43_-7.993_110.27,KAB GUNUNG KIDUL,2025,43,2026-03-09T21:52:42.586474,True,0.45950762282363383,True,48.0,True,63.0,True,0.2,True,26.33,True,31.84,True,31.84,True,1006.0,True,5.01,True,166.0,10,10,0,100.0,,"NDVI, Cloud_Cover, Humidity, Precipitation_Total, Temperature_Min, Temperature_Max, Temperature_Avg, Pressure, Wind_Speed, Wind_Direction"
2025_44_-7.993_110.27,KAB GUNUNG KIDUL,2025,44,2026-03-09T21:52:46.234220,True,0.45575654853490505,True,100.0,True,88.0,True,1.63,True,25.17,True,28.51,True,26.84,True,1010.0,True,4.07,True,182.0,10,10,0,100.0,,"NDVI, Cloud_Cover, Humidity, Precipitation_Total, Temperature_Min, Temperature_Max, Temperature_Avg, Pressure, Wind_Speed, Wind_Direction"
2025_45_-7.993_110.27,KAB GUNUNG KIDUL,2025,45,2026-03-09T21:52:49.817574,True,0.6337336800641845,True,100.0,True,100.0,True,3.53,True,26.29,True,30.94,True,30.94,True,1011.0,True,5.41,True,149.0,10,10,0,100.0,,"NDVI, Cloud_Cover, Humidity, Precipitation_Total, Temperature_Min, Temperature_Max, Temperature_Avg, Pressure, Wind_Speed, Wind_Direction"
2025_46_-7.993_110.27,KAB GUNUNG KIDUL,2025,46,2026-03-09T21:52:53.284691,True,0.6350205377597303,True,100.0,True,87.0,True,6.42,True,24.66,True,32.36,True,31.29,True,1009.0,True,5.06,True,287.0,10,10,0,100.0,,"NDVI, Cloud_Cover, Humidity, Precipitation_Total, Temperature_Min, Temperature_Max, Temperature_Avg, Pressure, Wind_Speed, Wind_Direction"
2025_47_-7.993_110.27,KAB GUNUNG KIDUL,2025,47,2026-03-09T21:52:56.837849,True,0.7381455650933377,True,73.0,True,100.0,True,0.27,True,25.17,True,31.49,True,30.38,True,1009.0,True,3.82,True,222.0,10,10,0,100.0,,"NDVI, Cloud_Cover, Humidity, Precipitation_Total, Temperature_Min, Temperature_Max, Temperature_Avg, Pressure, Wind_Speed, Wind_Direction"
2025_48_-7.993_110.27,KAB GUNUNG KIDUL,2025,48,2026-03-09T21:53:00.459817,True,0.7095242524434862,True,99.0,True,100.0,True,5.52,True,25.21,True,32.05,True,32.05,True,1008.0,True,4.43,True,226.0,10,10,0,100.0,,"NDVI, Cloud_Cover, Humidity, Precipitation_Total, Temperature_Min, Temperature_Max, Temperature_Avg, Pressure, Wind_Speed, Wind_Direction"
2025_49_-7.993_110.27,KAB GUNUNG KIDUL,2025,49,2026-03-09T21:53:03.950142,True,0.6880995174467278,True,100.0,True,100.0,True,0.0,True,24.66,True,31.81,True,31.49,True,1011.0,True,4.27,True,184.0,10,10,0,100.0,,"NDVI, Cloud_Cover, Humidity, Precipitation_Total, Temperature_Min, Temperature_Max, Temperature_Avg, Pressure, Wind_Speed, Wind_Direction"
2025_50_-7.993_110.27,KAB GUNUNG KIDUL,2025,50,2026-03-09T21:53:07.403654,True,0.7540235601160068,True,100.0,True,100.0,True,1.19,True,25.17,True,30.59,True,30.04,True,1010.0,True,3.24,True,188.0,10,10,0,100.0,,"NDVI, Cloud_Cover, Humidity, Precipitation_Total, Temperature_Min, Temperature_Max, Temperature_Avg, Pressure, Wind_Speed, Wind_Direction"
2025_51_-7.993_110.27,KAB GUNUNG KIDUL,2025,51,2026-03-09T21:53:10.914239,True,0.6910691433847427,True,100.0,True,100.0,True,0.11,True,25.21,True,32.05,True,31.04,True,1007.0,True,6.09,True,251.0,10,10,0,100.0,,"NDVI, Cloud_Cover, Humidity, Precipitation_Total, Temperature_Min, Temperature_Max, Temperature_Avg, Pressure, Wind_Speed, Wind_Direction"
2025_52_-7.993_110.27,KAB GUNUNG KIDUL,2025,52,2026-03-09T21:53:14.447167,True,0.7011407716799639,True,100.0,True,73.0,True,1.27,True,25.73,True,32.95,True,31.29,True,1006.0,True,4.05,True,188.0,10,10,0,100.0,,"NDVI, Cloud_Cover, Humidity, Precipitation_Total, Temperature_Min, Temperature_Max, Temperature_Avg, Pressure, Wind_Speed, Wind_Direction"
2025_01_-7.812_109.979,KAB KULON PROGO,2025,1,2026-03-09T21:53:18.083906,True,0.6611221317949895,True,100.0,True,84.0,True,25.13,True,25.83,True,27.5,True,27.5,True,1010.0,True,2.31,True,292.0,10,10,0,100.0,,"NDVI, Cloud_Cover, Humidity, Precipitation_Total, Temperature_Min, Temperature_Max, Temperature_Avg, Pressure, Wind_Speed, Wind_Direction"
2025_02_-7.812_109.979,KAB KULON PROGO,2025,2,2026-03-09T21:53:21.666150,True,0.6792854739449143,True,100.0,True,89.0,True,6.14,True,24.47,True,29.17,True,28.61,True,1010.0,True,2.61,True,274.0,10,10,0,100.0,,"NDVI, Cloud_Cover, Humidity, Precipitation_Total, Temperature_Min, Temperature_Max, Temperature_Avg, Pressure, Wind_Speed, Wind_Direction"
2025_03_-7.812_109.979,KAB KULON PROGO,2025,3,2026-03-09T21:53:25.166593,True,0.68776515470389,True,100.0,True,87.0,True,13.89,True,26.39,True,28.05,True,28.05,True,1010.0,True,2.65,True,259.0,10,10,0,100.0,,"NDVI, Cloud_Cover, Humidity, Precipitation_Total, Temperature_Min, Temperature_Max, Temperature_Avg, Pressure, Wind_Speed, Wind_Direction"
2025_04_-7.812_109.979,KAB KULON PROGO,2025,4,2026-03-09T21:53:28.579626,True,0.7588429956823302,True,92.0,True,72.0,True,12.87,True,25.51,True,30.28,True,29.72,True,1006.0,True,5.07,True,237.0,10,10,0,100.0,,"NDVI, Cloud_Cover, Humidity, Precipitation_Total, Temperature_Min, Temperature_Max, Temperature_Avg, Pressure, Wind_Speed, Wind_Direction"
2025_05_-7.812_109.979,KAB KULON PROGO,2025,5,2026-03-09T21:53:32.025088,True,0.7064402365271163,True,100.0,True,72.0,True,2.98,True,24.38,True,31.39,True,29.48,True,1008.0,True,3.68,True,226.0,10,10,0,100.0,,"NDVI, Cloud_Cover, Humidity, Precipitation_Total, Temperature_Min, Temperature_Max, Temperature_Avg, Pressure, Wind_Speed, Wind_Direction"
2025_06_-7.812_109.979,KAB KULON PROGO,2025,6,2026-03-09T21:53:35.647856,True,0.7009152767401002,True,100.0,True,53.0,True,11.76,True,25.32,True,33.23,True,33.23,True,1005.0,True,4.01,True,221.0,10,10,0,100.0,,"NDVI, Cloud_Cover, Humidity, Precipitation_Total, Temperature_Min, Temperature_Max, Temperature_Avg, Pressure, Wind_Speed, Wind_Direction"
2025_07_-7.812_109.979,KAB KULON PROGO,2025,7,2026-03-09T21:53:39.178420,True,0.6548906381991519,True,75.0,True,66.0,True,0.54,True,25.83,True,30.47,True,30.47,True,1009.0,True,4.48,True,234.0,10,10,0,100.0,,"NDVI, Cloud_Cover, Humidity, Precipitation_Total, Temperature_Min, Temperature_Max, Temperature_Avg, Pressure, Wind_Speed, Wind_Direction"
2025_08_-7.812_109.979,KAB KULON PROGO,2025,8,2026-03-09T21:53:42.878881,True,0.5648170295577087,True,52.0,True,70.0,True,24.72,True,24.22,True,32.24,True,30.43,True,1009.0,True,3.29,True,209.0,10,10,0,100.0,,"NDVI, Cloud_Cover, Humidity, Precipitation_Total, Temperature_Min, Temperature_Max, Temperature_Avg, Pressure, Wind_Speed, Wind_Direction"
2025_09_-7.812_109.979,KAB KULON PROGO,2025,9,2026-03-09T21:53:46.652637,True,0.6691479673883022,True,72.0,True,66.0,True,18.08,True,23.89,True,31.82,True,31.19,True,1010.0,True,3.04,True,225.0,10,10,0,100.0,,"NDVI, Cloud_Cover, Humidity, Precipitation_Total, Temperature_Min, Temperature_Max, Temperature_Avg, Pressure, Wind_Speed, Wind_Direction"
2025_10_-7.812_109.979,KAB KULON PROGO,2025,10,2026-03-09T21:53:50.264384,True,0.6431800736387376,True,61.5,True,74.5,True,2.96,True,24.75,True,30.28,True,30.16,True,1008.0,True,3.91,True,148.0,10,10,0,100.0,,"NDVI, Cloud_Cover, Humidity, Precipitation_Total, Temperature_Min, Temperature_Max, Temperature_Avg, Pressure, Wind_Speed, Wind_Direction"
2025_11_-7.812_109.979,KAB KULON PROGO,2025,11,2026-03-09T21:53:53.819782,True,0.6468653420484604,True,100.0,True,63.0,True,10.59,True,23.08,True,31.14,True,30.23,True,1009.0,True,2.4,True,236.0,10,10,0,100.0,,"NDVI, Cloud_Cover, Humidity, Precipitation_Total, Temperature_Min, Temperature_Max, Temperature_Avg, Pressure, Wind_Speed, Wind_Direction"
2025_12_-7.812_109.979,KAB KULON PROGO,2025,12,2026-03-09T21:53:57.310201,True,0.562942474786539,True,100.0,True,87.0,True,25.0,True,23.82,True,26.87,True,25.64,True,1009.0,True,2.18,True,283.0,10,10,0,100.0,,"NDVI, Cloud_Cover, Humidity, Precipitation_Total, Temperature_Min, Temperature_Max, Temperature_Avg, Pressure, Wind_Speed, Wind_Direction"
2025_13_-7.812_109.979,KAB KULON PROGO,2025,13,2026-03-09T21:54:00.893156,True,0.6705748210374896,True,100.0,True,64.0,True,3.26,True,24.62,True,30.66,True,30.66,True,1009.0,True,4.01,True,217.0,10,10,0,100.0,,"NDVI, Cloud_Cover, Humidity, Precipitation_Total, Temperature_Min, Temperature_Max, Temperature_Avg, Pressure, Wind_Speed, Wind_Direction"
2025_14_-7.812_109.979,KAB KULON PROGO,2025,14,2026-03-09T21:54:04.438180,True,0.7133037039488066,True,100.0,True,70.0,True,0.25,True,27.57,True,32.44,True,30.58,True,1009.0,True,4.39,True,244.0,10,10,0,100.0,,"NDVI, Cloud_Cover, Humidity, Precipitation_Total, Temperature_Min, Temperature_Max, Temperature_Avg, Pressure, Wind_Speed, Wind_Direction"
2025_15_-7.812_109.979,KAB KULON PROGO,2025,15,2026-03-09T21:54:07.916163,True,0.5478663219407881,True,48.0,True,60.0,True,0.0,True,25.75,True,31.76,True,31.76,True,1009.0,True,4.18,True,182.0,10,10,0,100.0,,"NDVI, Cloud_Cover, Humidity, Precipitation_Total, Temperature_Min, Temperature_Max, Temperature_Avg, Pressure, Wind_Speed, Wind_Direction"
2025_16_-7.812_109.979,KAB KULON PROGO,2025,16,2026-03-09T21:54:11.405767,True,0.6072225584962683,True,99.0,True,78.0,True,1.42,True,25.42,True,29.9,True,29.32,True,1010.0,True,3.35,True,159.0,10,10,0,100.0,,"NDVI, Cloud_Cover, Humidity, Precipitation_Total, Temperature_Min, Temperature_Max, Temperature_Avg, Pressure, Wind_Speed, Wind_Direction"
2025_17_-7.812_109.979,KAB KULON PROGO,2025,17,2026-03-09T21:54:15.124565,True,0.6681657221816119,True,92.0,True,70.0,True,1.3,True,27.15,True,31.59,True,31.24,True,1009.0,True,3.85,True,222.0,10,10,0,100.0,,"NDVI, Cloud_Cover, Humidity, Precipitation_Total, Temperature_Min, Temperature_Max, Temperature_Avg, Pressure, Wind_Speed, Wind_Direction"
2025_18_-7.812_109.979,KAB KULON PROGO,2025,18,2026-03-09T21:54:18.641576,True,0.6153218253834979,True,16.0,True,56.0,True,0.0,True,26.03,True,32.26,True,32.19,True,1009.0,True,4.75,True,171.0,10,10,0,100.0,,"NDVI, Cloud_Cover, Humidity, Precipitation_Total, Temperature_Min, Temperature_Max, Temperature_Avg, Pressure, Wind_Speed, Wind_Direction"
2025_19_-7.812_109.979,KAB KULON PROGO,2025,19,2026-03-09T21:54:22.136553,True,0.4733319975914142,True,79.0,True,63.0,True,0.19,True,26.5,True,32.73,True,32.73,True,1008.0,True,3.56,True,203.0,10,10,0,100.0,,"NDVI, Cloud_Cover, Humidity, Precipitation_Total, Temperature_Min, Temperature_Max, Temperature_Avg, Pressure, Wind_Speed, Wind_Direction"
2025_20_-7.812_109.979,KAB KULON PROGO,2025,20,2026-03-09T21:54:25.521755,True,0.43862820139833836,True,68.0,True,64.0,True,5.21,True,26.53,True,32.95,True,32.42,True,1007.0,True,4.11,True,211.0,10,10,0,100.0,,"NDVI, Cloud_Cover, Humidity, Precipitation_Total, Temperature_Min, Temperature_Max, Temperature_Avg, Pressure, Wind_Speed, Wind_Direction"
2025_21_-7.812_109.979,KAB KULON PROGO,2025,21,2026-03-09T21:54:28.719687,True,0.3974186997937287,True,81.0,True,71.0,True,3.6,True,27.4,True,32.5,True,32.5,True,1009.0,True,3.4,True,173.0,10,10,0,100.0,,"NDVI, Cloud_Cover, Humidity, Precipitation_Total, Temperature_Min, Temperature_Max, Temperature_Avg, Pressure, Wind_Speed, Wind_Direction"
2025_22_-7.812_109.979,KAB KULON PROGO,2025,22,2026-03-09T21:54:32.220672,True,0.4122110120001795,True,40.0,True,74.0,True,12.19,True,27.52,True,32.49,True,30.89,True,1008.0,True,3.28,True,212.0,10,10,0,100.0,,"NDVI, Cloud_Cover, Humidity, Precipitation_Total, Temperature_Min, Temperature_Max, Temperature_Avg, Pressure, Wind_Speed, Wind_Direction"
2025_23_-7.812_109.979,KAB KULON PROGO,2025,23,2026-03-09T21:54:36.080727,True,0.5280020656868497,True,89.0,True,71.0,True,0.0,True,26.07,True,32.06,True,29.26,True,1012.0,True,3.17,True,351.0,10,10,0,100.0,,"NDVI, Cloud_Cover, Humidity, Precipitation_Total, Temperature_Min, Temperature_Max, Temperature_Avg, Pressure, Wind_Speed, Wind_Direction"
2025_24_-7.812_109.979,KAB KULON PROGO,2025,24,2026-03-09T21:54:39.488746,True,0.4028166890547085,True,76.0,True,63.0,True,0.0,True,26.8,True,31.96,True,31.4,True,1009.0,True,4.21,True,149.0,10,10,0,100.0,,"NDVI, Cloud_Cover, Humidity, Precipitation_Total, Temperature_Min, Temperature_Max, Temperature_Avg, Pressure, Wind_Speed, Wind_Direction"
2025_25_-7.812_109.979,KAB KULON PROGO,2025,25,2026-03-09T21:54:42.560862,True,0.4902226534447041,True,44.0,True,69.0,True,0.0,True,26.59,True,34.54,True,31.62,True,1010.0,True,4.23,True,167.0,10,10,0,100.0,,"NDVI, Cloud_Cover, Humidity, Precipitation_Total, Temperature_Min, Temperature_Max, Temperature_Avg, Pressure, Wind_Speed, Wind_Direction"
2025_26_-7.812_109.979,KAB KULON PROGO,2025,26,2026-03-09T21:54:45.715801,True,0.39922574052800325,True,86.0,True,73.0,True,0.0,True,26.33,True,32.2,True,30.64,True,1010.0,True,4.64,True,127.0,10,10,0,100.0,,"NDVI, Cloud_Cover, Humidity, Precipitation_Total, Temperature_Min, Temperature_Max, Temperature_Avg, Pressure, Wind_Speed, Wind_Direction"
2025_27_-7.812_109.979,KAB KULON PROGO,2025,27,2026-03-09T21:54:49.212792,True,0.4497249678473233,True,62.0,True,67.0,True,0.0,True,26.87,True,33.67,True,32.26,True,1009.0,True,5.53,True,137.0,10,10,0,100.0,,"NDVI, Cloud_Cover, Humidity, Precipitation_Total, Temperature_Min, Temperature_Max, Temperature_Avg, Pressure, Wind_Speed, Wind_Direction"
2025_28_-7.812_109.979,KAB KULON PROGO,2025,28,2026-03-09T21:54:52.710827,True,0.4564757448998126,True,56.0,True,87.0,True,0.0,True,26.62,True,32.64,True,31.74,True,1011.0,True,2.88,True,168.0,10,10,0,100.0,,"NDVI, Cloud_Cover, Humidity, Precipitation_Total, Temperature_Min, Temperature_Max, Temperature_Avg, Pressure, Wind_Speed, Wind_Direction"
2025_29_-7.812_109.979,KAB KULON PROGO,2025,29,2026-03-09T21:54:56.241599,True,0.42408353642202046,True,47.0,True,77.0,True,0.0,True,25.52,True,32.34,True,30.97,True,1011.0,True,3.35,True,159.0,10,10,0,100.0,,"NDVI, Cloud_Cover, Humidity, Precipitation_Total, Temperature_Min, Temperature_Max, Temperature_Avg, Pressure, Wind_Speed, Wind_Direction"
2025_30_-7.812_109.979,KAB KULON PROGO,2025,30,2026-03-09T21:54:59.767287,True,0.5162600021305016,True,4.0,True,55.0,True,0.0,True,23.13,True,30.28,True,30.12,True,1010.0,True,5.12,True,162.0,10,10,0,100.0,,"NDVI, Cloud_Cover, Humidity, Precipitation_Total, Temperature_Min, Temperature_Max, Temperature_Avg, Pressure, Wind_Speed, Wind_Direction"
2025_31_-7.812_109.979,KAB KULON PROGO,2025,31,2026-03-09T21:55:02.929008,True,0.4011634212511968,True,57.0,True,65.0,True,0.0,True,27.03,True,31.84,True,31.74,True,1011.0,True,5.53,True,161.0,10,10,0,100.0,,"NDVI, Cloud_Cover, Humidity, Precipitation_Total, Temperature_Min, Temperature_Max, Temperature_Avg, Pressure, Wind_Speed, Wind_Direction"
2025_32_-7.812_109.979,KAB KULON PROGO,2025,32,2026-03-09T21:55:06.358968,True,0.5761647795602763,True,84.0,True,69.0,True,0.0,True,27.42,True,32.08,True,32.08,True,1011.0,True,4.59,True,156.0,10,10,0,100.0,,"NDVI, Cloud_Cover, Humidity, Precipitation_Total, Temperature_Min, Temperature_Max, Temperature_Avg, Pressure, Wind_Speed, Wind_Direction"
2025_33_-7.812_109.979,KAB KULON PROGO,2025,33,2026-03-09T21:55:09.888447,True,0.48299742121653716,True,77.0,True,73.0,True,0.0,True,27.41,True,31.99,True,31.99,True,1011.0,True,5.15,True,155.0,10,10,0,100.0,,"NDVI, Cloud_Cover, Humidity, Precipitation_Total, Temperature_Min, Temperature_Max, Temperature_Avg, Pressure, Wind_Speed, Wind_Direction"
2025_34_-7.812_109.979,KAB KULON PROGO,2025,34,2026-03-09T21:55:13.322062,True,0.42525572648522775,True,49.0,True,58.0,True,0.0,True,25.49,True,31.88,True,31.88,True,1010.0,True,6.45,True,164.0,10,10,0,100.0,,"NDVI, Cloud_Cover, Humidity, Precipitation_Total, Temperature_Min, Temperature_Max, Temperature_Avg, Pressure, Wind_Speed, Wind_Direction"
2025_35_-7.812_109.979,KAB KULON PROGO,2025,35,2026-03-09T21:55:16.509330,True,0.4360022706494396,True,32.0,True,65.0,True,0.15,True,26.22,True,30.43,True,30.05,True,1011.0,True,3.85,True,194.0,10,10,0,100.0,,"NDVI, Cloud_Cover, Humidity, Precipitation_Total, Temperature_Min, Temperature_Max, Temperature_Avg, Pressure, Wind_Speed, Wind_Direction"
2025_36_-7.812_109.979,KAB KULON PROGO,2025,36,2026-03-09T21:55:19.997749,True,0.4246153326643997,True,67.0,True,70.0,True,1.23,True,25.44,True,33.33,True,31.86,True,1011.0,True,5.14,True,145.0,10,10,0,100.0,,"NDVI, Cloud_Cover, Humidity, Precipitation_Total, Temperature_Min, Temperature_Max, Temperature_Avg, Pressure, Wind_Speed, Wind_Direction"
2025_37_-7.812_109.979,KAB KULON PROGO,2025,37,2026-03-09T21:55:23.105751,True,0.5070899291622042,True,87.0,True,58.0,True,0.0,True,24.69,True,31.05,True,30.06,True,1012.0,True,5.44,True,149.0,10,10,0,100.0,,"NDVI, Cloud_Cover, Humidity, Precipitation_Total, Temperature_Min, Temperature_Max, Temperature_Avg, Pressure, Wind_Speed, Wind_Direction"
2025_38_-7.812_109.979,KAB KULON PROGO,2025,38,2026-03-09T21:55:26.618185,True,0.40533640236118607,True,68.0,True,55.0,True,0.0,True,25.72,True,32.65,True,31.21,True,1011.0,True,6.55,True,154.0,10,10,0,100.0,,"NDVI, Cloud_Cover, Humidity, Precipitation_Total, Temperature_Min, Temperature_Max, Temperature_Avg, Pressure, Wind_Speed, Wind_Direction"
2025_39_-7.812_109.979,KAB KULON PROGO,2025,39,2026-03-09T21:55:30.185511,True,0.47667756083631707,True,47.0,True,59.0,True,0.26,True,26.44,True,32.59,True,32.59,True,1010.0,True,4.78,True,177.0,10,10,0,100.0,,"NDVI, Cloud_Cover, Humidity, Precipitation_Total, Temperature_Min, Temperature_Max, Temperature_Avg, Pressure, Wind_Speed, Wind_Direction"
2025_40_-7.812_109.979,KAB KULON PROGO,2025,40,2026-03-09T21:55:33.633012,True,0.49912549457398675,True,80.0,True,73.0,True,1.39,True,28.2,True,34.49,True,33.78,True,1011.0,True,4.63,True,173.0,10,10,0,100.0,,"NDVI, Cloud_Cover, Humidity, Precipitation_Total, Temperature_Min, Temperature_Max, Temperature_Avg, Pressure, Wind_Speed, Wind_Direction"
2025_41_-7.812_109.979,KAB KULON PROGO,2025,41,2026-03-09T21:55:37.166431,True,0.46091136914717395,True,71.0,True,58.0,True,0.24,True,26.23,True,32.49,True,32.02,True,1012.0,True,4.9,True,221.0,10,10,0,100.0,,"NDVI, Cloud_Cover, Humidity, Precipitation_Total, Temperature_Min, Temperature_Max, Temperature_Avg, Pressure, Wind_Speed, Wind_Direction"
2025_42_-7.812_109.979,KAB KULON PROGO,2025,42,2026-03-09T21:55:40.716067,True,0.45545672331864573,True,99.0,True,60.0,True,2.08,True,27.65,True,32.85,True,31.94,True,1010.0,True,4.73,True,170.0,10,10,0,100.0,,"NDVI, Cloud_Cover, Humidity, Precipitation_Total, Temperature_Min, Temperature_Max, Temperature_Avg, Pressure, Wind_Speed, Wind_Direction"
2025_43_-7.812_109.979,KAB KULON PROGO,2025,43,2026-03-09T21:55:44.096976,True,0.4021563830401249,True,56.0,True,63.0,True,0.11,True,27.08,True,31.73,True,31.11,True,1006.0,True,4.09,True,185.0,10,10,0,100.0,,"NDVI, Cloud_Cover, Humidity, Precipitation_Total, Temperature_Min, Temperature_Max, Temperature_Avg, Pressure, Wind_Speed, Wind_Direction"
2025_44_-7.812_109.979,KAB KULON PROGO,2025,44,2026-03-09T21:55:47.532089,True,0.5728747670126035,True,100.0,True,85.0,True,2.77,True,25.0,True,30.13,True,28.26,True,1011.0,True,3.02,True,174.0,10,10,0,100.0,,"NDVI, Cloud_Cover, Humidity, Precipitation_Total, Temperature_Min, Temperature_Max, Temperature_Avg, Pressure, Wind_Speed, Wind_Direction"
2025_45_-7.812_109.979,KAB KULON PROGO,2025,45,2026-03-09T21:55:51.111754,True,0.5799680013329327,True,99.0,True,80.0,True,4.16,True,25.78,True,30.48,True,29.98,True,1011.0,True,3.57,True,156.0,10,10,0,100.0,,"NDVI, Cloud_Cover, Humidity, Precipitation_Total, Temperature_Min, Temperature_Max, Temperature_Avg, Pressure, Wind_Speed, Wind_Direction"
2025_46_-7.812_109.979,KAB KULON PROGO,2025,46,2026-03-09T21:55:54.584183,True,0.5605643758284946,True,100.0,True,88.0,True,10.95,True,26.16,True,30.36,True,30.17,True,1009.0,True,2.19,True,281.0,10,10,0,100.0,,"NDVI, Cloud_Cover, Humidity, Precipitation_Total, Temperature_Min, Temperature_Max, Temperature_Avg, Pressure, Wind_Speed, Wind_Direction"
2025_47_-7.812_109.979,KAB KULON PROGO,2025,47,2026-03-09T21:55:58.124341,True,0.616175506959083,True,92.0,True,86.0,True,0.6,True,26.05,True,30.74,True,30.74,True,1009.0,True,3.58,True,217.0,10,10,0,100.0,,"NDVI, Cloud_Cover, Humidity, Precipitation_Total, Temperature_Min, Temperature_Max, Temperature_Avg, Pressure, Wind_Speed, Wind_Direction"
2025_48_-7.812_109.979,KAB KULON PROGO,2025,48,2026-03-09T21:56:01.519745,True,0.6844200961103164,True,100.0,True,89.0,True,0.48,True,25.95,True,31.18,True,30.72,True,1008.0,True,3.76,True,214.0,10,10,0,100.0,,"NDVI, Cloud_Cover, Humidity, Precipitation_Total, Temperature_Min, Temperature_Max, Temperature_Avg, Pressure, Wind_Speed, Wind_Direction"
2025_49_-7.812_109.979,KAB KULON PROGO,2025,49,2026-03-09T21:56:05.122547,True,0.6669771984933291,True,100.0,True,77.0,True,0.0,True,25.48,True,31.51,True,31.51,True,1011.0,True,3.66,True,199.0,10,10,0,100.0,,"NDVI, Cloud_Cover, Humidity, Precipitation_Total, Temperature_Min, Temperature_Max, Temperature_Avg, Pressure, Wind_Speed, Wind_Direction"
2025_50_-7.812_109.979,KAB KULON PROGO,2025,50,2026-03-09T21:56:08.688898,True,0.6474230370417837,True,100.0,True,86.0,True,0.82,True,25.47,True,30.97,True,30.21,True,1010.0,True,3.04,True,198.0,10,10,0,100.0,,"NDVI, Cloud_Cover, Humidity, Precipitation_Total, Temperature_Min, Temperature_Max, Temperature_Avg, Pressure, Wind_Speed, Wind_Direction"
2025_51_-7.812_109.979,KAB KULON PROGO,2025,51,2026-03-09T21:56:12.192456,True,0.5745283238878935,True,100.0,True,83.0,True,0.19,True,27.1,True,31.34,True,30.96,True,1007.0,True,4.68,True,240.0,10,10,0,100.0,,"NDVI, Cloud_Cover, Humidity, Precipitation_Total, Temperature_Min, Temperature_Max, Temperature_Avg, Pressure, Wind_Speed, Wind_Direction"
2025_52_-7.812_109.979,KAB KULON PROGO,2025,52,2026-03-09T21:56:15.679285,True,0.6627319177598776,True,100.0,True,71.0,True,1.32,True,26.38,True,31.03,True,30.58,True,1006.0,True,3.57,True,197.0,10,10,0,100.0,,"NDVI, Cloud_Cover, Humidity, Precipitation_Total, Temperature_Min, Temperature_Max, Temperature_Avg, Pressure, Wind_Speed, Wind_Direction"
2025_01_-7.69_110.381,KAB SLEMAN,2025,1,2026-03-09T21:56:20.077319,True,0.6792731265261461,True,100.0,True,83.0,True,36.74,True,24.64,True,26.31,True,26.31,True,1011.0,True,2.79,True,240.0,10,10,0,100.0,,"NDVI, Cloud_Cover, Humidity, Precipitation_Total, Temperature_Min, Temperature_Max, Temperature_Avg, Pressure, Wind_Speed, Wind_Direction"
2025_02_-7.69_110.381,KAB SLEMAN,2025,2,2026-03-09T21:56:23.842626,True,0.5963860209674788,True,100.0,True,87.0,True,0.49,True,23.68,True,27.98,True,27.42,True,1010.0,True,2.99,True,250.0,10,10,0,100.0,,"NDVI, Cloud_Cover, Humidity, Precipitation_Total, Temperature_Min, Temperature_Max, Temperature_Avg, Pressure, Wind_Speed, Wind_Direction"
2025_03_-7.69_110.381,KAB SLEMAN,2025,3,2026-03-09T21:56:27.190286,True,0.6118008580650651,True,93.0,True,65.0,True,7.57,True,25.2,True,26.86,True,26.86,True,1010.0,True,5.27,True,261.0,10,10,0,100.0,,"NDVI, Cloud_Cover, Humidity, Precipitation_Total, Temperature_Min, Temperature_Max, Temperature_Avg, Pressure, Wind_Speed, Wind_Direction"
2025_04_-7.69_110.381,KAB SLEMAN,2025,4,2026-03-09T21:56:30.639419,True,0.6706237057417967,True,100.0,True,59.0,True,15.28,True,24.06,True,29.09,True,28.53,True,1006.0,True,5.61,True,247.0,10,10,0,100.0,,"NDVI, Cloud_Cover, Humidity, Precipitation_Total, Temperature_Min, Temperature_Max, Temperature_Avg, Pressure, Wind_Speed, Wind_Direction"
2025_05_-7.69_110.381,KAB SLEMAN,2025,5,2026-03-09T21:56:34.149633,True,0.5600764171003663,True,97.0,True,64.0,True,7.51,True,23.14,True,30.3,True,30.2,True,1007.0,True,4.15,True,226.0,10,10,0,100.0,,"NDVI, Cloud_Cover, Humidity, Precipitation_Total, Temperature_Min, Temperature_Max, Temperature_Avg, Pressure, Wind_Speed, Wind_Direction"
2025_06_-7.69_110.381,KAB SLEMAN,2025,6,2026-03-09T21:56:37.596275,True,0.6102868327974849,True,97.0,True,57.0,True,23.16,True,23.43,True,31.63,True,31.63,True,1005.0,True,2.29,True,156.0,10,10,0,100.0,,"NDVI, Cloud_Cover, Humidity, Precipitation_Total, Temperature_Min, Temperature_Max, Temperature_Avg, Pressure, Wind_Speed, Wind_Direction"
2025_07_-7.69_110.381,KAB SLEMAN,2025,7,2026-03-09T21:56:41.052080,True,0.6037209085711936,True,80.0,True,56.0,True,0.35,True,24.64,True,31.2,True,31.2,True,1008.0,True,5.4,True,236.0,10,10,0,100.0,,"NDVI, Cloud_Cover, Humidity, Precipitation_Total, Temperature_Min, Temperature_Max, Temperature_Avg, Pressure, Wind_Speed, Wind_Direction"
2025_08_-7.69_110.381,KAB SLEMAN,2025,8,2026-03-09T21:56:44.389040,True,0.6142653681352658,True,100.0,True,62.0,True,7.33,True,22.97,True,30.73,True,30.53,True,1009.0,True,2.8,True,204.0,10,10,0,100.0,,"NDVI, Cloud_Cover, Humidity, Precipitation_Total, Temperature_Min, Temperature_Max, Temperature_Avg, Pressure, Wind_Speed, Wind_Direction"
2025_09_-7.69_110.381,KAB SLEMAN,2025,9,2026-03-09T21:56:47.866234,True,0.6538410569509777,True,76.0,True,65.0,True,14.55,True,22.94,True,31.07,True,30.83,True,1010.0,True,2.27,True,97.0,10,10,0,100.0,,"NDVI, Cloud_Cover, Humidity, Precipitation_Total, Temperature_Min, Temperature_Max, Temperature_Avg, Pressure, Wind_Speed, Wind_Direction"
2025_10_-7.69_110.381,KAB SLEMAN,2025,10,2026-03-09T21:56:51.274833,True,0.81789329652065,True,54.5,True,70.5,True,5.02,True,23.45,True,29.6,True,29.58,True,1008.0,True,2.62,True,103.0,10,10,0,100.0,,"NDVI, Cloud_Cover, Humidity, Precipitation_Total, Temperature_Min, Temperature_Max, Temperature_Avg, Pressure, Wind_Speed, Wind_Direction"
2025_11_-7.69_110.381,KAB SLEMAN,2025,11,2026-03-09T21:56:54.737404,True,0.6770689161459624,True,100.0,True,66.0,True,10.99,True,21.9,True,30.04,True,30.04,True,1009.0,True,3.12,True,83.0,10,10,0,100.0,,"NDVI, Cloud_Cover, Humidity, Precipitation_Total, Temperature_Min, Temperature_Max, Temperature_Avg, Pressure, Wind_Speed, Wind_Direction"
2025_12_-7.69_110.381,KAB SLEMAN,2025,12,2026-03-09T21:56:58.392575,True,0.654963958140901,True,100.0,True,93.0,True,14.55,True,22.52,True,25.42,True,23.65,True,1009.0,True,2.42,True,288.0,10,10,0,100.0,,"NDVI, Cloud_Cover, Humidity, Precipitation_Total, Temperature_Min, Temperature_Max, Temperature_Avg, Pressure, Wind_Speed, Wind_Direction"
2025_13_-7.69_110.381,KAB SLEMAN,2025,13,2026-03-09T21:57:01.836583,True,0.6198336198857473,True,100.0,True,55.0,True,8.09,True,22.84,True,31.67,True,30.98,True,1009.0,True,5.39,True,212.0,10,10,0,100.0,,"NDVI, Cloud_Cover, Humidity, Precipitation_Total, Temperature_Min, Temperature_Max, Temperature_Avg, Pressure, Wind_Speed, Wind_Direction"
2025_14_-7.69_110.381,KAB SLEMAN,2025,14,2026-03-09T21:57:05.224082,True,0.5473121406244936,True,100.0,True,62.0,True,1.6,True,26.35,True,34.9,True,30.55,True,1009.0,True,5.04,True,240.0,10,10,0,100.0,,"NDVI, Cloud_Cover, Humidity, Precipitation_Total, Temperature_Min, Temperature_Max, Temperature_Avg, Pressure, Wind_Speed, Wind_Direction"
2025_15_-7.69_110.381,KAB SLEMAN,2025,15,2026-03-09T21:57:08.688248,True,0.6141392756792067,True,51.0,True,56.0,True,0.0,True,24.02,True,33.24,True,31.24,True,1009.0,True,3.79,True,186.0,10,10,0,100.0,,"NDVI, Cloud_Cover, Humidity, Precipitation_Total, Temperature_Min, Temperature_Max, Temperature_Avg, Pressure, Wind_Speed, Wind_Direction"
2025_16_-7.69_110.381,KAB SLEMAN,2025,16,2026-03-09T21:57:12.229746,True,0.669226299015179,True,100.0,True,87.0,True,1.48,True,24.45,True,30.41,True,27.7,True,1010.0,True,1.97,True,155.0,10,10,0,100.0,,"NDVI, Cloud_Cover, Humidity, Precipitation_Total, Temperature_Min, Temperature_Max, Temperature_Avg, Pressure, Wind_Speed, Wind_Direction"
2025_17_-7.69_110.381,KAB SLEMAN,2025,17,2026-03-09T21:57:15.461936,True,0.6494135266204903,True,64.0,True,64.0,True,0.0,True,25.99,True,35.24,True,30.42,True,1009.0,True,4.29,True,225.0,10,10,0,100.0,,"NDVI, Cloud_Cover, Humidity, Precipitation_Total, Temperature_Min, Temperature_Max, Temperature_Avg, Pressure, Wind_Speed, Wind_Direction"
2025_18_-7.69_110.381,KAB SLEMAN,2025,18,2026-03-09T21:57:18.834479,True,0.6016473498636717,True,12.0,True,53.0,True,0.0,True,24.23,True,31.74,True,31.22,True,1010.0,True,4.75,True,181.0,10,10,0,100.0,,"NDVI, Cloud_Cover, Humidity, Precipitation_Total, Temperature_Min, Temperature_Max, Temperature_Avg, Pressure, Wind_Speed, Wind_Direction"
2025_19_-7.69_110.381,KAB SLEMAN,2025,19,2026-03-09T21:57:22.133626,True,0.4857073726790389,True,56.0,True,56.0,True,0.0,True,24.88,True,34.59,True,31.74,True,1008.0,True,3.81,True,94.0,10,10,0,100.0,,"NDVI, Cloud_Cover, Humidity, Precipitation_Total, Temperature_Min, Temperature_Max, Temperature_Avg, Pressure, Wind_Speed, Wind_Direction"
2025_20_-7.69_110.381,KAB SLEMAN,2025,20,2026-03-09T21:57:25.516096,True,0.461163347080458,True,65.0,True,59.0,True,6.13,True,25.12,True,34.62,True,31.61,True,1007.0,True,3.72,True,215.0,10,10,0,100.0,,"NDVI, Cloud_Cover, Humidity, Precipitation_Total, Temperature_Min, Temperature_Max, Temperature_Avg, Pressure, Wind_Speed, Wind_Direction"
2025_21_-7.69_110.381,KAB SLEMAN,2025,21,2026-03-09T21:57:28.990649,True,0.4742913763124212,True,68.0,True,67.0,True,3.38,True,26.48,True,31.48,True,31.48,True,1009.0,True,2.79,True,201.0,10,10,0,100.0,,"NDVI, Cloud_Cover, Humidity, Precipitation_Total, Temperature_Min, Temperature_Max, Temperature_Avg, Pressure, Wind_Speed, Wind_Direction"
2025_22_-7.69_110.381,KAB SLEMAN,2025,22,2026-03-09T21:57:33.555134,True,0.4065835026416209,True,34.0,True,65.0,True,0.0,True,25.37,True,34.14,True,30.05,True,1008.0,True,2.18,True,104.0,10,10,0,100.0,,"NDVI, Cloud_Cover, Humidity, Precipitation_Total, Temperature_Min, Temperature_Max, Temperature_Avg, Pressure, Wind_Speed, Wind_Direction"
2025_23_-7.69_110.381,KAB SLEMAN,2025,23,2026-03-09T21:57:36.735876,True,0.3588470771844803,True,95.0,True,69.0,True,0.0,True,24.64,True,28.53,True,27.42,True,1012.0,True,3.22,True,186.0,10,10,0,100.0,,"NDVI, Cloud_Cover, Humidity, Precipitation_Total, Temperature_Min, Temperature_Max, Temperature_Avg, Pressure, Wind_Speed, Wind_Direction"
2025_24_-7.69_110.381,KAB SLEMAN,2025,24,2026-03-09T21:57:40.213525,True,0.4757925234564559,True,100.0,True,65.0,True,0.0,True,24.25,True,29.08,True,28.53,True,1010.0,True,3.68,True,159.0,10,10,0,100.0,,"NDVI, Cloud_Cover, Humidity, Precipitation_Total, Temperature_Min, Temperature_Max, Temperature_Avg, Pressure, Wind_Speed, Wind_Direction"
2025_25_-7.69_110.381,KAB SLEMAN,2025,25,2026-03-09T21:57:43.866497,True,0.4646948646540809,True,72.0,True,62.0,True,0.0,True,25.37,True,30.37,True,29.64,True,1010.0,True,2.22,True,162.0,10,10,0,100.0,,"NDVI, Cloud_Cover, Humidity, Precipitation_Total, Temperature_Min, Temperature_Max, Temperature_Avg, Pressure, Wind_Speed, Wind_Direction"
2025_26_-7.69_110.381,KAB SLEMAN,2025,26,2026-03-09T21:57:47.602236,True,0.35652752856817027,True,70.0,True,64.0,True,0.21,True,25.26,True,29.08,True,28.53,True,1011.0,True,4.09,True,156.0,10,10,0,100.0,,"NDVI, Cloud_Cover, Humidity, Precipitation_Total, Temperature_Min, Temperature_Max, Temperature_Avg, Pressure, Wind_Speed, Wind_Direction"
2025_27_-7.69_110.381,KAB SLEMAN,2025,27,2026-03-09T21:57:51.079016,True,0.5054462068636681,True,67.0,True,60.0,True,0.0,True,25.2,True,29.08,True,29.08,True,1009.0,True,3.41,True,115.0,10,10,0,100.0,,"NDVI, Cloud_Cover, Humidity, Precipitation_Total, Temperature_Min, Temperature_Max, Temperature_Avg, Pressure, Wind_Speed, Wind_Direction"
2025_28_-7.69_110.381,KAB SLEMAN,2025,28,2026-03-09T21:57:54.237225,True,0.438746073422663,True,50.0,True,64.0,True,0.0,True,24.64,True,32.04,True,27.97,True,1011.0,True,1.78,True,305.0,10,10,0,100.0,,"NDVI, Cloud_Cover, Humidity, Precipitation_Total, Temperature_Min, Temperature_Max, Temperature_Avg, Pressure, Wind_Speed, Wind_Direction"
2025_29_-7.69_110.381,KAB SLEMAN,2025,29,2026-03-09T21:57:57.719297,True,0.5332851798055416,True,48.0,True,66.0,True,0.0,True,21.45,True,29.49,True,27.42,True,1011.0,True,3.97,True,191.0,10,10,0,100.0,,"NDVI, Cloud_Cover, Humidity, Precipitation_Total, Temperature_Min, Temperature_Max, Temperature_Avg, Pressure, Wind_Speed, Wind_Direction"
2025_30_-7.69_110.381,KAB SLEMAN,2025,30,2026-03-09T21:58:01.687406,True,0.4422369956272738,True,3.0,True,49.0,True,0.0,True,21.48,True,28.53,True,27.42,True,1009.0,True,4.7,True,179.0,10,10,0,100.0,,"NDVI, Cloud_Cover, Humidity, Precipitation_Total, Temperature_Min, Temperature_Max, Temperature_Avg, Pressure, Wind_Speed, Wind_Direction"
2025_31_-7.69_110.381,KAB SLEMAN,2025,31,2026-03-09T21:58:05.167609,True,0.428826674559953,True,62.0,True,59.0,True,1.27,True,25.75,True,30.2,True,29.08,True,1011.0,True,4.89,True,174.0,10,10,0,100.0,,"NDVI, Cloud_Cover, Humidity, Precipitation_Total, Temperature_Min, Temperature_Max, Temperature_Avg, Pressure, Wind_Speed, Wind_Direction"
2025_32_-7.69_110.381,KAB SLEMAN,2025,32,2026-03-09T21:58:08.624916,True,0.4207097688901681,True,40.0,True,58.0,True,0.0,True,25.75,True,30.2,True,29.64,True,1011.0,True,3.67,True,203.0,10,10,0,100.0,,"NDVI, Cloud_Cover, Humidity, Precipitation_Total, Temperature_Min, Temperature_Max, Temperature_Avg, Pressure, Wind_Speed, Wind_Direction"
2025_33_-7.69_110.381,KAB SLEMAN,2025,33,2026-03-09T21:58:12.066529,True,0.3669014919553974,True,98.0,True,59.0,True,0.0,True,26.31,True,29.64,True,29.08,True,1011.0,True,4.54,True,184.0,10,10,0,100.0,,"NDVI, Cloud_Cover, Humidity, Precipitation_Total, Temperature_Min, Temperature_Max, Temperature_Avg, Pressure, Wind_Speed, Wind_Direction"
2025_34_-7.69_110.381,KAB SLEMAN,2025,34,2026-03-09T21:58:15.512543,True,0.34622833882965187,True,25.0,True,58.0,True,0.0,True,21.34,True,30.75,True,30.21,True,1010.0,True,4.42,True,172.0,10,10,0,100.0,,"NDVI, Cloud_Cover, Humidity, Precipitation_Total, Temperature_Min, Temperature_Max, Temperature_Avg, Pressure, Wind_Speed, Wind_Direction"
2025_35_-7.69_110.381,KAB SLEMAN,2025,35,2026-03-09T21:58:19.125019,True,0.43210701719557026,True,42.0,True,61.0,True,0.53,True,23.0,True,29.64,True,28.53,True,1011.0,True,5.09,True,203.0,10,10,0,100.0,,"NDVI, Cloud_Cover, Humidity, Precipitation_Total, Temperature_Min, Temperature_Max, Temperature_Avg, Pressure, Wind_Speed, Wind_Direction"
2025_36_-7.69_110.381,KAB SLEMAN,2025,36,2026-03-09T21:58:22.275182,True,0.3872915915727035,True,57.0,True,59.0,True,2.1,True,23.92,True,29.08,True,28.53,True,1011.0,True,4.43,True,194.0,10,10,0,100.0,,"NDVI, Cloud_Cover, Humidity, Precipitation_Total, Temperature_Min, Temperature_Max, Temperature_Avg, Pressure, Wind_Speed, Wind_Direction"
2025_37_-7.69_110.381,KAB SLEMAN,2025,37,2026-03-09T21:58:25.384719,True,0.43078857720230757,True,100.0,True,49.0,True,0.0,True,23.17,True,29.08,True,29.08,True,1012.0,True,5.2,True,171.0,10,10,0,100.0,,"NDVI, Cloud_Cover, Humidity, Precipitation_Total, Temperature_Min, Temperature_Max, Temperature_Avg, Pressure, Wind_Speed, Wind_Direction"
2025_38_-7.69_110.381,KAB SLEMAN,2025,38,2026-03-09T21:58:28.972548,True,0.4155377158042208,True,63.0,True,50.0,True,0.0,True,21.34,True,30.75,True,29.08,True,1011.0,True,5.62,True,155.0,10,10,0,100.0,,"NDVI, Cloud_Cover, Humidity, Precipitation_Total, Temperature_Min, Temperature_Max, Temperature_Avg, Pressure, Wind_Speed, Wind_Direction"
2025_39_-7.69_110.381,KAB SLEMAN,2025,39,2026-03-09T21:58:32.349117,True,0.42648064274097497,True,46.0,True,54.0,True,3.96,True,21.34,True,31.43,True,30.2,True,1010.0,True,4.43,True,218.0,10,10,0,100.0,,"NDVI, Cloud_Cover, Humidity, Precipitation_Total, Temperature_Min, Temperature_Max, Temperature_Avg, Pressure, Wind_Speed, Wind_Direction"
2025_40_-7.69_110.381,KAB SLEMAN,2025,40,2026-03-09T21:58:35.762455,True,0.5193799145858051,True,91.0,True,46.0,True,0.48,True,21.34,True,33.53,True,31.31,True,1010.0,True,2.79,True,216.0,10,10,0,100.0,,"NDVI, Cloud_Cover, Humidity, Precipitation_Total, Temperature_Min, Temperature_Max, Temperature_Avg, Pressure, Wind_Speed, Wind_Direction"
2025_41_-7.69_110.381,KAB SLEMAN,2025,41,2026-03-09T21:58:39.302961,True,0.39041359524136576,True,39.0,True,48.0,True,0.12,True,21.34,True,30.75,True,30.2,True,1012.0,True,4.18,True,108.0,10,10,0,100.0,,"NDVI, Cloud_Cover, Humidity, Precipitation_Total, Temperature_Min, Temperature_Max, Temperature_Avg, Pressure, Wind_Speed, Wind_Direction"
2025_42_-7.69_110.381,KAB SLEMAN,2025,42,2026-03-09T21:58:42.690273,True,0.43544881299266763,True,94.0,True,48.0,True,1.66,True,24.11,True,32.45,True,31.86,True,1009.0,True,4.22,True,200.0,10,10,0,100.0,,"NDVI, Cloud_Cover, Humidity, Precipitation_Total, Temperature_Min, Temperature_Max, Temperature_Avg, Pressure, Wind_Speed, Wind_Direction"
2025_43_-7.69_110.381,KAB SLEMAN,2025,43,2026-03-09T21:58:46.780151,True,0.36338545695042834,True,44.0,True,62.0,True,0.0,True,25.92,True,31.87,True,30.75,True,1006.0,True,3.43,True,210.0,10,10,0,100.0,,"NDVI, Cloud_Cover, Humidity, Precipitation_Total, Temperature_Min, Temperature_Max, Temperature_Avg, Pressure, Wind_Speed, Wind_Direction"
2025_44_-7.69_110.381,KAB SLEMAN,2025,44,2026-03-09T21:58:50.213918,True,0.46830546623559816,True,100.0,True,91.0,True,3.26,True,24.03,True,27.42,True,25.84,True,1011.0,True,3.06,True,206.0,10,10,0,100.0,,"NDVI, Cloud_Cover, Humidity, Precipitation_Total, Temperature_Min, Temperature_Max, Temperature_Avg, Pressure, Wind_Speed, Wind_Direction"
2025_45_-7.69_110.381,KAB SLEMAN,2025,45,2026-03-09T21:58:53.795875,True,0.6043264932676489,True,98.0,True,81.0,True,0.63,True,25.22,True,28.1,True,28.1,True,1011.0,True,2.53,True,168.0,10,10,0,100.0,,"NDVI, Cloud_Cover, Humidity, Precipitation_Total, Temperature_Min, Temperature_Max, Temperature_Avg, Pressure, Wind_Speed, Wind_Direction"
2025_46_-7.69_110.381,KAB SLEMAN,2025,46,2026-03-09T21:58:57.273605,True,0.6263282654695064,True,100.0,True,62.0,True,5.97,True,24.25,True,30.2,True,30.2,True,1009.0,True,3.96,True,234.0,10,10,0,100.0,,"NDVI, Cloud_Cover, Humidity, Precipitation_Total, Temperature_Min, Temperature_Max, Temperature_Avg, Pressure, Wind_Speed, Wind_Direction"
2025_47_-7.69_110.381,KAB SLEMAN,2025,47,2026-03-09T21:59:00.812836,True,0.6036490755475323,True,86.0,True,70.0,True,0.55,True,24.03,True,30.27,True,29.88,True,1009.0,True,4.56,True,220.0,10,10,0,100.0,,"NDVI, Cloud_Cover, Humidity, Precipitation_Total, Temperature_Min, Temperature_Max, Temperature_Avg, Pressure, Wind_Speed, Wind_Direction"
2025_48_-7.69_110.381,KAB SLEMAN,2025,48,2026-03-09T21:59:04.204166,True,0.6339366470965039,True,94.0,True,76.0,True,2.42,True,24.25,True,30.39,True,28.53,True,1008.0,True,4.2,True,218.0,10,10,0,100.0,,"NDVI, Cloud_Cover, Humidity, Precipitation_Total, Temperature_Min, Temperature_Max, Temperature_Avg, Pressure, Wind_Speed, Wind_Direction"
2025_49_-7.69_110.381,KAB SLEMAN,2025,49,2026-03-09T21:59:07.270596,True,0.7349941816156041,True,100.0,True,73.0,True,1.06,True,24.11,True,29.8,True,28.66,True,1011.0,True,4.88,True,203.0,10,10,0,100.0,,"NDVI, Cloud_Cover, Humidity, Precipitation_Total, Temperature_Min, Temperature_Max, Temperature_Avg, Pressure, Wind_Speed, Wind_Direction"
2025_50_-7.69_110.381,KAB SLEMAN,2025,50,2026-03-09T21:59:10.698477,True,0.5717036525683331,True,100.0,True,86.0,True,1.08,True,23.89,True,29.08,True,27.44,True,1010.0,True,3.17,True,210.0,10,10,0,100.0,,"NDVI, Cloud_Cover, Humidity, Precipitation_Total, Temperature_Min, Temperature_Max, Temperature_Avg, Pressure, Wind_Speed, Wind_Direction"
2025_51_-7.69_110.381,KAB SLEMAN,2025,51,2026-03-09T21:59:14.183516,True,0.562706273000455,True,97.0,True,83.0,True,0.1,True,25.36,True,30.95,True,27.97,True,1007.0,True,5.38,True,239.0,10,10,0,100.0,,"NDVI, Cloud_Cover, Humidity, Precipitation_Total, Temperature_Min, Temperature_Max, Temperature_Avg, Pressure, Wind_Speed, Wind_Direction"
2025_52_-7.69_110.381,KAB SLEMAN,2025,52,2026-03-09T21:59:17.667654,True,0.7014667249030001,True,100.0,True,60.0,True,12.62,True,24.45,True,31.86,True,30.2,True,1007.0,True,2.3,True,313.0,10,10,0,100.0,,"NDVI, Cloud_Cover, Humidity, Precipitation_Total, Temperature_Min, Temperature_Max, Temperature_Avg, Pressure, Wind_Speed, Wind_Direction"
2025_01_-7.824_110.348,KOTA YOGYAKARTA,2025,1,2026-03-09T21:59:21.716268,True,0.5728859677805864,True,100.0,True,85.0,True,51.1,True,23.52,True,25.54,True,24.98,True,1010.0,True,2.7,True,246.0,10,10,0,100.0,,"NDVI, Cloud_Cover, Humidity, Precipitation_Total, Temperature_Min, Temperature_Max, Temperature_Avg, Pressure, Wind_Speed, Wind_Direction"
2025_02_-7.824_110.348,KOTA YOGYAKARTA,2025,2,2026-03-09T21:59:24.855753,True,0.603108217601996,True,100.0,True,89.0,True,4.42,True,22.92,True,25.44,True,24.86,True,1010.0,True,2.86,True,250.0,10,10,0,100.0,,"NDVI, Cloud_Cover, Humidity, Precipitation_Total, Temperature_Min, Temperature_Max, Temperature_Avg, Pressure, Wind_Speed, Wind_Direction"
2025_03_-7.824_110.348,KOTA YOGYAKARTA,2025,3,2026-03-09T21:59:28.263839,True,0.6232958358855031,True,92.0,True,64.0,True,6.65,True,23.8,True,30.27,True,29.87,True,1010.0,True,5.88,True,263.0,10,10,0,100.0,,"NDVI, Cloud_Cover, Humidity, Precipitation_Total, Temperature_Min, Temperature_Max, Temperature_Avg, Pressure, Wind_Speed, Wind_Direction"
2025_04_-7.824_110.348,KOTA YOGYAKARTA,2025,4,2026-03-09T21:59:31.706571,True,0.6995701050162696,True,96.0,True,62.0,True,9.99,True,23.8,True,30.75,True,30.75,True,1006.0,True,6.03,True,255.0,10,10,0,100.0,,"NDVI, Cloud_Cover, Humidity, Precipitation_Total, Temperature_Min, Temperature_Max, Temperature_Avg, Pressure, Wind_Speed, Wind_Direction"
2025_05_-7.824_110.348,KOTA YOGYAKARTA,2025,5,2026-03-09T21:59:35.194887,True,0.6975326666058214,True,96.0,True,66.0,True,1.71,True,23.78,True,30.53,True,30.38,True,1007.0,True,4.39,True,226.0,10,10,0,100.0,,"NDVI, Cloud_Cover, Humidity, Precipitation_Total, Temperature_Min, Temperature_Max, Temperature_Avg, Pressure, Wind_Speed, Wind_Direction"
2025_06_-7.824_110.348,KOTA YOGYAKARTA,2025,6,2026-03-09T21:59:38.806885,True,0.7396710599489548,True,98.0,True,54.0,True,32.36,True,23.41,True,32.63,True,32.63,True,1005.0,True,3.43,True,178.0,10,10,0,100.0,,"NDVI, Cloud_Cover, Humidity, Precipitation_Total, Temperature_Min, Temperature_Max, Temperature_Avg, Pressure, Wind_Speed, Wind_Direction"
2025_07_-7.824_110.348,KOTA YOGYAKARTA,2025,7,2026-03-09T21:59:42.238850,True,0.5944533054593814,True,73.0,True,59.0,True,0.0,True,24.06,True,31.36,True,31.32,True,1008.0,True,5.39,True,242.0,10,10,0,100.0,,"NDVI, Cloud_Cover, Humidity, Precipitation_Total, Temperature_Min, Temperature_Max, Temperature_Avg, Pressure, Wind_Speed, Wind_Direction"
2025_08_-7.824_110.348,KOTA YOGYAKARTA,2025,8,2026-03-09T21:59:45.627285,True,0.7187538574372789,True,100.0,True,62.0,True,9.98,True,23.73,True,31.04,True,30.99,True,1009.0,True,3.08,True,200.0,10,10,0,100.0,,"NDVI, Cloud_Cover, Humidity, Precipitation_Total, Temperature_Min, Temperature_Max, Temperature_Avg, Pressure, Wind_Speed, Wind_Direction"
2025_09_-7.824_110.348,KOTA YOGYAKARTA,2025,9,2026-03-09T21:59:49.121602,True,0.6357288395846923,True,72.0,True,61.0,True,14.73,True,23.47,True,32.26,True,31.8,True,1010.0,True,2.32,True,108.0,10,10,0,100.0,,"NDVI, Cloud_Cover, Humidity, Precipitation_Total, Temperature_Min, Temperature_Max, Temperature_Avg, Pressure, Wind_Speed, Wind_Direction"
2025_10_-7.824_110.348,KOTA YOGYAKARTA,2025,10,2026-03-09T21:59:52.624012,True,0.6836069399253956,True,34.5,True,68.5,True,1.08,True,23.86,True,30.32,True,30.26,True,1008.0,True,3.11,True,157.0,10,10,0,100.0,,"NDVI, Cloud_Cover, Humidity, Precipitation_Total, Temperature_Min, Temperature_Max, Temperature_Avg, Pressure, Wind_Speed, Wind_Direction"
2025_11_-7.824_110.348,KOTA YOGYAKARTA,2025,11,2026-03-09T21:59:56.106041,True,0.6309234623323873,True,100.0,True,63.0,True,11.26,True,22.37,True,30.97,True,30.97,True,1009.0,True,3.05,True,88.0,10,10,0,100.0,,"NDVI, Cloud_Cover, Humidity, Precipitation_Total, Temperature_Min, Temperature_Max, Temperature_Avg, Pressure, Wind_Speed, Wind_Direction"
2025_12_-7.824_110.348,KOTA YOGYAKARTA,2025,12,2026-03-09T21:59:59.595463,True,0.6477194698367782,True,100.0,True,91.0,True,17.56,True,22.84,True,25.78,True,24.23,True,1009.0,True,2.01,True,293.0,10,10,0,100.0,,"NDVI, Cloud_Cover, Humidity, Precipitation_Total, Temperature_Min, Temperature_Max, Temperature_Avg, Pressure, Wind_Speed, Wind_Direction"
2025_13_-7.824_110.348,KOTA YOGYAKARTA,2025,13,2026-03-09T22:00:02.775023,True,0.666659413092238,True,100.0,True,59.0,True,11.49,True,23.61,True,31.48,True,30.94,True,1009.0,True,5.02,True,221.0,10,10,0,100.0,,"NDVI, Cloud_Cover, Humidity, Precipitation_Total, Temperature_Min, Temperature_Max, Temperature_Avg, Pressure, Wind_Speed, Wind_Direction"
2025_14_-7.824_110.348,KOTA YOGYAKARTA,2025,14,2026-03-09T22:00:06.431549,True,0.5789820441554948,True,100.0,True,64.0,True,0.0,True,26.95,True,34.46,True,30.83,True,1009.0,True,5.33,True,243.0,10,10,0,100.0,,"NDVI, Cloud_Cover, Humidity, Precipitation_Total, Temperature_Min, Temperature_Max, Temperature_Avg, Pressure, Wind_Speed, Wind_Direction"
2025_15_-7.824_110.348,KOTA YOGYAKARTA,2025,15,2026-03-09T22:00:10.213265,True,0.5413417720312111,True,53.0,True,57.0,True,0.0,True,24.83,True,33.16,True,31.59,True,1009.0,True,3.72,True,175.0,10,10,0,100.0,,"NDVI, Cloud_Cover, Humidity, Precipitation_Total, Temperature_Min, Temperature_Max, Temperature_Avg, Pressure, Wind_Speed, Wind_Direction"
2025_16_-7.824_110.348,KOTA YOGYAKARTA,2025,16,2026-03-09T22:00:13.809119,True,0.6931895868688734,True,100.0,True,89.0,True,2.69,True,25.1,True,30.75,True,27.73,True,1010.0,True,2.66,True,145.0,10,10,0,100.0,,"NDVI, Cloud_Cover, Humidity, Precipitation_Total, Temperature_Min, Temperature_Max, Temperature_Avg, Pressure, Wind_Speed, Wind_Direction"
2025_17_-7.824_110.348,KOTA YOGYAKARTA,2025,17,2026-03-09T22:00:18.313848,True,0.6596594704251243,True,57.0,True,66.0,True,0.0,True,26.55,True,34.59,True,30.96,True,1008.0,True,4.21,True,223.0,10,10,0,100.0,,"NDVI, Cloud_Cover, Humidity, Precipitation_Total, Temperature_Min, Temperature_Max, Temperature_Avg, Pressure, Wind_Speed, Wind_Direction"
2025_18_-7.824_110.348,KOTA YOGYAKARTA,2025,18,2026-03-09T22:00:23.335948,True,0.5483289725627338,True,4.0,True,55.0,True,0.0,True,24.73,True,32.06,True,31.73,True,1009.0,True,4.93,True,173.0,10,10,0,100.0,,"NDVI, Cloud_Cover, Humidity, Precipitation_Total, Temperature_Min, Temperature_Max, Temperature_Avg, Pressure, Wind_Speed, Wind_Direction"
2025_19_-7.824_110.348,KOTA YOGYAKARTA,2025,19,2026-03-09T22:00:26.659495,True,0.5480079290873033,True,51.0,True,55.0,True,0.0,True,25.62,True,34.44,True,32.47,True,1007.0,True,3.87,True,111.0,10,10,0,100.0,,"NDVI, Cloud_Cover, Humidity, Precipitation_Total, Temperature_Min, Temperature_Max, Temperature_Avg, Pressure, Wind_Speed, Wind_Direction"
2025_20_-7.824_110.348,KOTA YOGYAKARTA,2025,20,2026-03-09T22:00:30.808406,True,0.4233652036243823,True,75.0,True,60.0,True,9.98,True,25.91,True,34.52,True,32.14,True,1007.0,True,3.98,True,200.0,10,10,0,100.0,,"NDVI, Cloud_Cover, Humidity, Precipitation_Total, Temperature_Min, Temperature_Max, Temperature_Avg, Pressure, Wind_Speed, Wind_Direction"
2025_21_-7.824_110.348,KOTA YOGYAKARTA,2025,21,2026-03-09T22:00:34.821649,True,0.3938230116824627,True,64.0,True,67.0,True,8.63,True,27.23,True,32.23,True,32.23,True,1009.0,True,3.43,True,176.0,10,10,0,100.0,,"NDVI, Cloud_Cover, Humidity, Precipitation_Total, Temperature_Min, Temperature_Max, Temperature_Avg, Pressure, Wind_Speed, Wind_Direction"
2025_22_-7.824_110.348,KOTA YOGYAKARTA,2025,22,2026-03-09T22:00:38.299087,True,0.5138692587547071,True,33.0,True,65.0,True,0.0,True,26.12,True,34.25,True,30.78,True,1008.0,True,2.03,True,150.0,10,10,0,100.0,,"NDVI, Cloud_Cover, Humidity, Precipitation_Total, Temperature_Min, Temperature_Max, Temperature_Avg, Pressure, Wind_Speed, Wind_Direction"
2025_23_-7.824_110.348,KOTA YOGYAKARTA,2025,23,2026-03-09T22:00:41.887431,True,0.5236524171697823,True,95.0,True,69.0,True,0.0,True,25.4,True,29.29,True,28.18,True,1012.0,True,3.52,True,182.0,10,10,0,100.0,,"NDVI, Cloud_Cover, Humidity, Precipitation_Total, Temperature_Min, Temperature_Max, Temperature_Avg, Pressure, Wind_Speed, Wind_Direction"
2025_24_-7.824_110.348,KOTA YOGYAKARTA,2025,24,2026-03-09T22:00:46.504226,True,0.41405415823204395,True,100.0,True,65.0,True,0.0,True,25.56,True,29.84,True,29.29,True,1009.0,True,4.66,True,152.0,10,10,0,100.0,,"NDVI, Cloud_Cover, Humidity, Precipitation_Total, Temperature_Min, Temperature_Max, Temperature_Avg, Pressure, Wind_Speed, Wind_Direction"
2025_25_-7.824_110.348,KOTA YOGYAKARTA,2025,25,2026-03-09T22:00:50.193826,True,0.49626444026991084,True,67.0,True,62.0,True,0.12,True,25.96,True,30.96,True,30.4,True,1009.0,True,3.42,True,160.0,10,10,0,100.0,,"NDVI, Cloud_Cover, Humidity, Precipitation_Total, Temperature_Min, Temperature_Max, Temperature_Avg, Pressure, Wind_Speed, Wind_Direction"
2025_26_-7.824_110.348,KOTA YOGYAKARTA,2025,26,2026-03-09T22:00:55.683482,True,0.40407977824107405,True,73.0,True,64.0,True,0.0,True,26.06,True,29.84,True,29.29,True,1010.0,True,5.16,True,143.0,10,10,0,100.0,,"NDVI, Cloud_Cover, Humidity, Precipitation_Total, Temperature_Min, Temperature_Max, Temperature_Avg, Pressure, Wind_Speed, Wind_Direction"
2025_27_-7.824_110.348,KOTA YOGYAKARTA,2025,27,2026-03-09T22:00:59.492588,True,0.45045128807745877,True,65.0,True,60.0,True,0.0,True,25.96,True,29.84,True,29.84,True,1009.0,True,4.98,True,124.0,10,10,0,100.0,,"NDVI, Cloud_Cover, Humidity, Precipitation_Total, Temperature_Min, Temperature_Max, Temperature_Avg, Pressure, Wind_Speed, Wind_Direction"
2025_28_-7.824_110.348,KOTA YOGYAKARTA,2025,28,2026-03-09T22:01:04.516958,True,0.4866525209325447,True,51.0,True,64.0,True,0.0,True,25.4,True,32.64,True,28.73,True,1011.0,True,2.33,True,177.0,10,10,0,100.0,,"NDVI, Cloud_Cover, Humidity, Precipitation_Total, Temperature_Min, Temperature_Max, Temperature_Avg, Pressure, Wind_Speed, Wind_Direction"
2025_29_-7.824_110.348,KOTA YOGYAKARTA,2025,29,2026-03-09T22:01:08.147512,True,0.4482080684285034,True,46.0,True,66.0,True,0.0,True,22.21,True,28.66,True,28.18,True,1011.0,True,4.43,True,181.0,10,10,0,100.0,,"NDVI, Cloud_Cover, Humidity, Precipitation_Total, Temperature_Min, Temperature_Max, Temperature_Avg, Pressure, Wind_Speed, Wind_Direction"
2025_30_-7.824_110.348,KOTA YOGYAKARTA,2025,30,2026-03-09T22:01:12.101670,True,0.44056618086246613,True,3.0,True,58.0,True,0.0,True,22.23,True,29.29,True,28.39,True,1009.0,True,5.19,True,170.0,10,10,0,100.0,,"NDVI, Cloud_Cover, Humidity, Precipitation_Total, Temperature_Min, Temperature_Max, Temperature_Avg, Pressure, Wind_Speed, Wind_Direction"
2025_31_-7.824_110.348,KOTA YOGYAKARTA,2025,31,2026-03-09T22:01:15.628959,True,0.38877478027185713,True,52.0,True,62.0,True,0.22,True,26.51,True,31.17,True,30.06,True,1011.0,True,5.52,True,168.0,10,10,0,100.0,,"NDVI, Cloud_Cover, Humidity, Precipitation_Total, Temperature_Min, Temperature_Max, Temperature_Avg, Pressure, Wind_Speed, Wind_Direction"
2025_32_-7.824_110.348,KOTA YOGYAKARTA,2025,32,2026-03-09T22:01:19.255886,True,0.40478524368096275,True,54.0,True,58.0,True,0.0,True,26.51,True,31.17,True,30.4,True,1011.0,True,4.55,True,166.0,10,10,0,100.0,,"NDVI, Cloud_Cover, Humidity, Precipitation_Total, Temperature_Min, Temperature_Max, Temperature_Avg, Pressure, Wind_Speed, Wind_Direction"
2025_33_-7.824_110.348,KOTA YOGYAKARTA,2025,33,2026-03-09T22:01:23.060982,True,0.4032440676118533,True,99.0,True,59.0,True,0.0,True,27.07,True,30.52,True,29.84,True,1011.0,True,5.34,True,174.0,10,10,0,100.0,,"NDVI, Cloud_Cover, Humidity, Precipitation_Total, Temperature_Min, Temperature_Max, Temperature_Avg, Pressure, Wind_Speed, Wind_Direction"
2025_34_-7.824_110.348,KOTA YOGYAKARTA,2025,34,2026-03-09T22:01:27.253900,True,0.4820004553410241,True,30.0,True,50.0,True,0.0,True,22.1,True,31.51,True,29.84,True,1010.0,True,5.77,True,163.0,10,10,0,100.0,,"NDVI, Cloud_Cover, Humidity, Precipitation_Total, Temperature_Min, Temperature_Max, Temperature_Avg, Pressure, Wind_Speed, Wind_Direction"
2025_35_-7.824_110.348,KOTA YOGYAKARTA,2025,35,2026-03-09T22:01:32.050738,True,0.4222081335619829,True,47.0,True,61.0,True,0.1,True,23.76,True,30.4,True,29.29,True,1010.0,True,5.01,True,185.0,10,10,0,100.0,,"NDVI, Cloud_Cover, Humidity, Precipitation_Total, Temperature_Min, Temperature_Max, Temperature_Avg, Pressure, Wind_Speed, Wind_Direction"
2025_36_-7.824_110.348,KOTA YOGYAKARTA,2025,36,2026-03-09T22:01:35.589427,True,0.448563222253096,True,66.0,True,59.0,True,0.73,True,24.29,True,29.84,True,29.29,True,1011.0,True,5.08,True,161.0,10,10,0,100.0,,"NDVI, Cloud_Cover, Humidity, Precipitation_Total, Temperature_Min, Temperature_Max, Temperature_Avg, Pressure, Wind_Speed, Wind_Direction"
2025_37_-7.824_110.348,KOTA YOGYAKARTA,2025,37,2026-03-09T22:01:39.199546,True,0.46873425741551233,True,93.0,True,49.0,True,0.0,True,23.93,True,29.84,True,29.84,True,1012.0,True,5.78,True,161.0,10,10,0,100.0,,"NDVI, Cloud_Cover, Humidity, Precipitation_Total, Temperature_Min, Temperature_Max, Temperature_Avg, Pressure, Wind_Speed, Wind_Direction"
2025_38_-7.824_110.348,KOTA YOGYAKARTA,2025,38,2026-03-09T22:01:42.914955,True,0.46495462749883565,True,59.0,True,50.0,True,0.0,True,22.1,True,31.51,True,29.84,True,1011.0,True,6.57,True,153.0,10,10,0,100.0,,"NDVI, Cloud_Cover, Humidity, Precipitation_Total, Temperature_Min, Temperature_Max, Temperature_Avg, Pressure, Wind_Speed, Wind_Direction"
2025_39_-7.824_110.348,KOTA YOGYAKARTA,2025,39,2026-03-09T22:01:48.678954,True,0.4884929550851437,True,50.0,True,54.0,True,3.31,True,22.1,True,32.05,True,30.96,True,1010.0,True,4.94,True,190.0,10,10,0,100.0,,"NDVI, Cloud_Cover, Humidity, Precipitation_Total, Temperature_Min, Temperature_Max, Temperature_Avg, Pressure, Wind_Speed, Wind_Direction"
2025_40_-7.824_110.348,KOTA YOGYAKARTA,2025,40,2026-03-09T22:01:52.748826,True,0.46379711459728024,True,86.0,True,46.0,True,0.63,True,22.1,True,34.29,True,32.07,True,1010.0,True,3.72,True,139.0,10,10,0,100.0,,"NDVI, Cloud_Cover, Humidity, Precipitation_Total, Temperature_Min, Temperature_Max, Temperature_Avg, Pressure, Wind_Speed, Wind_Direction"
2025_41_-7.824_110.348,KOTA YOGYAKARTA,2025,41,2026-03-09T22:01:56.241446,True,0.3949595945248236,True,44.0,True,48.0,True,0.2,True,22.1,True,31.51,True,30.96,True,1011.0,True,4.69,True,194.0,10,10,0,100.0,,"NDVI, Cloud_Cover, Humidity, Precipitation_Total, Temperature_Min, Temperature_Max, Temperature_Avg, Pressure, Wind_Speed, Wind_Direction"
2025_42_-7.824_110.348,KOTA YOGYAKARTA,2025,42,2026-03-09T22:01:59.639685,True,0.42658325323284557,True,93.0,True,48.0,True,1.08,True,25.43,True,32.62,True,32.62,True,1009.0,True,4.76,True,187.0,10,10,0,100.0,,"NDVI, Cloud_Cover, Humidity, Precipitation_Total, Temperature_Min, Temperature_Max, Temperature_Avg, Pressure, Wind_Speed, Wind_Direction"
2025_43_-7.824_110.348,KOTA YOGYAKARTA,2025,43,2026-03-09T22:02:03.049825,True,0.5037697373931115,True,47.0,True,62.0,True,0.0,True,25.99,True,31.53,True,31.51,True,1006.0,True,4.11,True,195.0,10,10,0,100.0,,"NDVI, Cloud_Cover, Humidity, Precipitation_Total, Temperature_Min, Temperature_Max, Temperature_Avg, Pressure, Wind_Speed, Wind_Direction"
2025_44_-7.824_110.348,KOTA YOGYAKARTA,2025,44,2026-03-09T22:02:07.154269,True,0.4353320964058222,True,100.0,True,89.0,True,3.5,True,24.79,True,28.18,True,26.56,True,1010.0,True,3.38,True,198.0,10,10,0,100.0,,"NDVI, Cloud_Cover, Humidity, Precipitation_Total, Temperature_Min, Temperature_Max, Temperature_Avg, Pressure, Wind_Speed, Wind_Direction"
2025_45_-7.824_110.348,KOTA YOGYAKARTA,2025,45,2026-03-09T22:02:10.729206,True,0.6566776464164099,True,99.0,True,91.0,True,2.61,True,25.91,True,29.98,True,29.98,True,1011.0,True,3.31,True,161.0,10,10,0,100.0,,"NDVI, Cloud_Cover, Humidity, Precipitation_Total, Temperature_Min, Temperature_Max, Temperature_Avg, Pressure, Wind_Speed, Wind_Direction"
2025_46_-7.824_110.348,KOTA YOGYAKARTA,2025,46,2026-03-09T22:02:14.247082,True,0.7022153541507365,True,100.0,True,62.0,True,4.93,True,24.32,True,31.84,True,30.96,True,1009.0,True,4.06,True,276.0,10,10,0,100.0,,"NDVI, Cloud_Cover, Humidity, Precipitation_Total, Temperature_Min, Temperature_Max, Temperature_Avg, Pressure, Wind_Speed, Wind_Direction"
2025_47_-7.824_110.348,KOTA YOGYAKARTA,2025,47,2026-03-09T22:02:17.726194,True,0.6114554317098597,True,83.0,True,86.0,True,0.0,True,24.69,True,31.09,True,30.16,True,1009.0,True,4.56,True,223.0,10,10,0,100.0,,"NDVI, Cloud_Cover, Humidity, Precipitation_Total, Temperature_Min, Temperature_Max, Temperature_Avg, Pressure, Wind_Speed, Wind_Direction"
2025_48_-7.824_110.348,KOTA YOGYAKARTA,2025,48,2026-03-09T22:02:25.045694,True,0.6676326872099696,True,95.0,True,100.0,True,2.08,True,24.87,True,31.71,True,31.71,True,1008.0,True,4.55,True,219.0,10,10,0,100.0,,"NDVI, Cloud_Cover, Humidity, Precipitation_Total, Temperature_Min, Temperature_Max, Temperature_Avg, Pressure, Wind_Speed, Wind_Direction"
2025_49_-7.824_110.348,KOTA YOGYAKARTA,2025,49,2026-03-09T22:02:28.558681,True,0.5717365661634943,True,100.0,True,87.0,True,0.84,True,24.32,True,31.25,True,30.53,True,1011.0,True,4.83,True,200.0,10,10,0,100.0,,"NDVI, Cloud_Cover, Humidity, Precipitation_Total, Temperature_Min, Temperature_Max, Temperature_Avg, Pressure, Wind_Speed, Wind_Direction"
2025_50_-7.824_110.348,KOTA YOGYAKARTA,2025,50,2026-03-09T22:02:32.104017,True,0.7344773550334724,True,100.0,True,85.0,True,1.6,True,24.69,True,29.84,True,28.18,True,1010.0,True,3.16,True,202.0,10,10,0,100.0,,"NDVI, Cloud_Cover, Humidity, Precipitation_Total, Temperature_Min, Temperature_Max, Temperature_Avg, Pressure, Wind_Speed, Wind_Direction"
2025_51_-7.824_110.348,KOTA YOGYAKARTA,2025,51,2026-03-09T22:02:37.811016,True,0.6447905880234364,True,100.0,True,93.0,True,0.0,True,24.87,True,31.71,True,30.48,True,1007.0,True,5.39,True,243.0,10,10,0,100.0,,"NDVI, Cloud_Cover, Humidity, Precipitation_Total, Temperature_Min, Temperature_Max, Temperature_Avg, Pressure, Wind_Speed, Wind_Direction"
2025_52_-7.824_110.348,KOTA YOGYAKARTA,2025,52,2026-03-09T22:02:41.272669,True,0.7063240881806169,True,100.0,True,60.0,True,5.54,True,25.25,True,32.62,True,30.96,True,1007.0,True,2.82,True,176.0,10,10,0,100.0,,"NDVI, Cloud_Cover, Humidity, Precipitation_Total, Temperature_Min, Temperature_Max, Temperature_Avg, Pressure, Wind_Speed, Wind_Direction"
