Year,Region,Week,Cases,Latitude,Longitude
2025,KAB BANTUL,1,50,-7.902328,110.2862991
2025,KAB BANTUL,2,38,-7.902328,110.2862991
2025,KAB BANTUL,3,39,-7.902328,110.2862991
2025,KAB BANTUL,4,56,-7.902328,110.2862991
2025,KAB BANTUL,5,26,-7.902328,110.2862991
2025,KAB BANTUL,6,38,-7.902328,110.2862991
2025,KAB BANTUL,7,24,-7.902328,110.2862991
2025,KAB BANTUL,8,36,-7.902328,110.2862991
2025,KAB BANTUL,9,21,-7.902328,110.2862991
2025,KAB BANTUL,10,22,-7.902328,110.2862991
2025,KAB BANTUL,11,18,-7.902328,110.2862991
2025,KAB BANTUL,12,12,-7.902328,110.2862991
2025,KAB BANTUL,13,10,-7.902328,110.2862991
2025,KAB BANTUL,14,12,-7.902328,110.2862991
2025,KAB BANTUL,15,19,-7.902328,110.2862991
2025,KAB BANTUL,16,16,-7.902328,110.2862991
2025,KAB BANTUL,17,36,-7.902328,110.2862991
2025,KAB BANTUL,18,18,-7.902328,110.2862991
2025,KAB BANTUL,19,18,-7.902328,110.2862991
2025,KAB BANTUL,20,14,-7.902328,110.2862991
2025,KAB BANTUL,21,17,-7.902328,110.2862991
2025,KAB BANTUL,22,16,-7.902328,110.2862991
2025,KAB BANTUL,23,16,-7.902328,110.2862991
2025,KAB BANTUL,24,16,-7.902328,110.2862991
2025,KAB BANTUL,25,25,-7.902328,110.2862991
2025,KAB BANTUL,26,15,-7.902328,110.2862991
2025,KAB BANTUL,27,11,-7.902328,110.2862991
2025,KAB BANTUL,28,7,-7.902328,110.2862991
2025,KAB BANTUL,29,19,-7.902328,110.2862991
2025,KAB BANTUL,30,18,-7.902328,110.2862991
2025,KAB BANTUL,31,7,-7.902328,110.2862991
2025,KAB BANTUL,32,16,-7.902328,110.2862991
2025,KAB BANTUL,33,8,-7.902328,110.2862991
2025,KAB BANTUL,34,10,-7.902328,110.2862991
2025,KAB BANTUL,35,8,-7.902328,110.2862991
2025,KAB BANTUL,36,7,-7.902328,110.2862991
2025,KAB BANTUL,37,13,-7.902328,110.2862991
2025,KAB BANTUL,38,18,-7.902328,110.2862991
2025,KAB BANTUL,39,13,-7.902328,110.2862991
2025,KAB BANTUL,40,5,-7.902328,110.2862991
2025,KAB BANTUL,41,20,-7.902328,110.2862991
2025,KAB BANTUL,42,17,-7.902328,110.2862991
2025,KAB BANTUL,43,16,-7.902328,110.2862991
2025,KAB BANTUL,44,26,-7.902328,110.2862991
2025,KAB BANTUL,45,14,-7.902328,110.2862991
2025,KAB BANTUL,46,12,-7.902328,110.2862991
2025,KAB BANTUL,47,14,-7.902328,110.2862991
2025,KAB BANTUL,48,6,-7.902328,110.2862991
2025,KAB BANTUL,49,8,-7.902328,110.2862991
2025,KAB BANTUL,50,8,-7.902328,110.2862991
2025,KAB BANTUL,51,8,-7.902328,110.2862991
2025,KAB BANTUL,52,6,-7.902328,110.2862991
2025,KAB GUNUNG KIDUL,1,52,-7.9930685,110.2704459
2025,KAB GUNUNG KIDUL,2,65,-7.9930685,110.2704459
2025,KAB GUNUNG KIDUL,3,73,-7.9930685,110.2704459
2025,KAB GUNUNG KIDUL,4,47,-7.9930685,110.2704459
2025,KAB GUNUNG KIDUL,5,30,-7.9930685,110.2704459
2025,KAB GUNUNG KIDUL,6,37,-7.9930685,110.2704459
2025,KAB GUNUNG KIDUL,7,44,-7.9930685,110.2704459
2025,KAB GUNUNG KIDUL,8,21,-7.9930685,110.2704459
2025,KAB GUNUNG KIDUL,9,29,-7.9930685,110.2704459
2025,KAB GUNUNG KIDUL,10,22,-7.9930685,110.2704459
2025,KAB GUNUNG KIDUL,11,21,-7.9930685,110.2704459
2025,KAB GUNUNG KIDUL,12,19,-7.9930685,110.2704459
2025,KAB GUNUNG KIDUL,13,13,-7.9930685,110.2704459
2025,KAB GUNUNG KIDUL,14,14,-7.9930685,110.2704459
2025,KAB GUNUNG KIDUL,15,16,-7.9930685,110.2704459
2025,KAB GUNUNG KIDUL,16,8,-7.9930685,110.2704459
2025,KAB GUNUNG KIDUL,17,16,-7.9930685,110.2704459
2025,KAB GUNUNG KIDUL,18,10,-7.9930685,110.2704459
2025,KAB GUNUNG KIDUL,19,17,-7.9930685,110.2704459
2025,KAB GUNUNG KIDUL,20,12,-7.9930685,110.2704459
2025,KAB GUNUNG KIDUL,21,17,-7.9930685,110.2704459
2025,KAB GUNUNG KIDUL,22,9,-7.9930685,110.2704459
2025,KAB GUNUNG KIDUL,23,16,-7.9930685,110.2704459
2025,KAB GUNUNG KIDUL,24,17,-7.9930685,110.2704459
2025,KAB GUNUNG KIDUL,25,14,-7.9930685,110.2704459
2025,KAB GUNUNG KIDUL,26,7,-7.9930685,110.2704459
2025,KAB GUNUNG KIDUL,27,16,-7.9930685,110.2704459
2025,KAB GUNUNG KIDUL,28,12,-7.9930685,110.2704459
2025,KAB GUNUNG KIDUL,29,6,-7.9930685,110.2704459
2025,KAB GUNUNG KIDUL,30,3,-7.9930685,110.2704459
2025,KAB GUNUNG KIDUL,31,4,-7.9930685,110.2704459
2025,KAB GUNUNG KIDUL,32,6,-7.9930685,110.2704459
2025,KAB GUNUNG KIDUL,33,7,-7.9930685,110.2704459
2025,KAB GUNUNG KIDUL,34,6,-7.9930685,110.2704459
2025,KAB GUNUNG KIDUL,35,6,-7.9930685,110.2704459
2025,KAB GUNUNG KIDUL,36,17,-7.9930685,110.2704459
2025,KAB GUNUNG KIDUL,37,10,-7.9930685,110.2704459
2025,KAB GUNUNG KIDUL,38,18,-7.9930685,110.2704459
2025,KAB GUNUNG KIDUL,39,6,-7.9930685,110.2704459
2025,KAB GUNUNG KIDUL,40,13,-7.9930685,110.2704459
2025,KAB GUNUNG KIDUL,41,8,-7.9930685,110.2704459
2025,KAB GUNUNG KIDUL,42,9,-7.9930685,110.2704459
2025,KAB GUNUNG KIDUL,43,14,-7.9930685,110.2704459
2025,KAB GUNUNG KIDUL,44,17,-7.9930685,110.2704459
2025,KAB GUNUNG KIDUL,45,19,-7.9930685,110.2704459
2025,KAB GUNUNG KIDUL,46,24,-7.9930685,110.2704459
2025,KAB GUNUNG KIDUL,47,14,-7.9930685,110.2704459
2025,KAB GUNUNG KIDUL,48,21,-7.9930685,110.2704459
2025,KAB GUNUNG KIDUL,49,5,-7.9930685,110.2704459
2025,KAB GUNUNG KIDUL,50,10,-7.9930685,110.2704459
2025,KAB GUNUNG KIDUL,51,13,-7.9930685,110.2704459
2025,KAB GUNUNG KIDUL,52,4,-7.9930685,110.2704459
2025,KAB KULON PROGO,1,109,-7.8124619,109.9789867
2025,KAB KULON PROGO,2,133,-7.8124619,109.9789867
2025,KAB KULON PROGO,3,121,-7.8124619,109.9789867
2025,KAB KULON PROGO,4,105,-7.8124619,109.9789867
2025,KAB KULON PROGO,5,107,-7.8124619,109.9789867
2025,KAB KULON PROGO,6,118,-7.8124619,109.9789867
2025,KAB KULON PROGO,7,111,-7.8124619,109.9789867
2025,KAB KULON PROGO,8,66,-7.8124619,109.9789867
2025,KAB KULON PROGO,9,81,-7.8124619,109.9789867
2025,KAB KULON PROGO,10,78,-7.8124619,109.9789867
2025,KAB KULON PROGO,11,66,-7.8124619,109.9789867
2025,KAB KULON PROGO,12,68,-7.8124619,109.9789867
2025,KAB KULON PROGO,13,31,-7.8124619,109.9789867
2025,KAB KULON PROGO,14,38,-7.8124619,109.9789867
2025,KAB KULON PROGO,15,52,-7.8124619,109.9789867
2025,KAB KULON PROGO,16,48,-7.8124619,109.9789867
2025,KAB KULON PROGO,17,29,-7.8124619,109.9789867
2025,KAB KULON PROGO,18,52,-7.8124619,109.9789867
2025,KAB KULON PROGO,19,38,-7.8124619,109.9789867
2025,KAB KULON PROGO,20,30,-7.8124619,109.9789867
2025,KAB KULON PROGO,21,36,-7.8124619,109.9789867
2025,KAB KULON PROGO,22,49,-7.8124619,109.9789867
2025,KAB KULON PROGO,23,28,-7.8124619,109.9789867
2025,KAB KULON PROGO,24,27,-7.8124619,109.9789867
2025,KAB KULON PROGO,25,27,-7.8124619,109.9789867
2025,KAB KULON PROGO,26,18,-7.8124619,109.9789867
2025,KAB KULON PROGO,27,26,-7.8124619,109.9789867
2025,KAB KULON PROGO,28,20,-7.8124619,109.9789867
2025,KAB KULON PROGO,29,18,-7.8124619,109.9789867
2025,KAB KULON PROGO,30,22,-7.8124619,109.9789867
2025,KAB KULON PROGO,31,18,-7.8124619,109.9789867
2025,KAB KULON PROGO,32,22,-7.8124619,109.9789867
2025,KAB KULON PROGO,33,16,-7.8124619,109.9789867
2025,KAB KULON PROGO,34,19,-7.8124619,109.9789867
2025,KAB KULON PROGO,35,17,-7.8124619,109.9789867
2025,KAB KULON PROGO,36,15,-7.8124619,109.9789867
2025,KAB KULON PROGO,37,12,-7.8124619,109.9789867
2025,KAB KULON PROGO,38,10,-7.8124619,109.9789867
2025,KAB KULON PROGO,39,10,-7.8124619,109.9789867
2025,KAB KULON PROGO,40,11,-7.8124619,109.9789867
2025,KAB KULON PROGO,41,16,-7.8124619,109.9789867
2025,KAB KULON PROGO,42,12,-7.8124619,109.9789867
2025,KAB KULON PROGO,43,22,-7.8124619,109.9789867
2025,KAB KULON PROGO,44,12,-7.8124619,109.9789867
2025,KAB KULON PROGO,45,8,-7.8124619,109.9789867
2025,KAB KULON PROGO,46,12,-7.8124619,109.9789867
2025,KAB KULON PROGO,47,9,-7.8124619,109.9789867
2025,KAB KULON PROGO,48,8,-7.8124619,109.9789867
2025,KAB KULON PROGO,49,9,-7.8124619,109.9789867
2025,KAB KULON PROGO,50,14,-7.8124619,109.9789867
2025,KAB KULON PROGO,51,12,-7.8124619,109.9789867
2025,KAB KULON PROGO,52,9,-7.8124619,109.9789867
2025,KAB SLEMAN,1,40,-7.689718,110.3812751
2025,KAB SLEMAN,2,64,-7.689718,110.3812751
2025,KAB SLEMAN,3,70,-7.689718,110.3812751
2025,KAB SLEMAN,4,61,-7.689718,110.3812751
2025,KAB SLEMAN,5,38,-7.689718,110.3812751
2025,KAB SLEMAN,6,79,-7.689718,110.3812751
2025,KAB SLEMAN,7,77,-7.689718,110.3812751
2025,KAB SLEMAN,8,54,-7.689718,110.3812751
2025,KAB SLEMAN,9,59,-7.689718,110.3812751
2025,KAB SLEMAN,10,49,-7.689718,110.3812751
2025,KAB SLEMAN,11,37,-7.689718,110.3812751
2025,KAB SLEMAN,12,31,-7.689718,110.3812751
2025,KAB SLEMAN,13,18,-7.689718,110.3812751
2025,KAB SLEMAN,14,20,-7.689718,110.3812751
2025,KAB SLEMAN,15,65,-7.689718,110.3812751
2025,KAB SLEMAN,16,48,-7.689718,110.3812751
2025,KAB SLEMAN,17,27,-7.689718,110.3812751
2025,KAB SLEMAN,18,21,-7.689718,110.3812751
2025,KAB SLEMAN,19,29,-7.689718,110.3812751
2025,KAB SLEMAN,20,23,-7.689718,110.3812751
2025,KAB SLEMAN,21,31,-7.689718,110.3812751
2025,KAB SLEMAN,22,28,-7.689718,110.3812751
2025,KAB SLEMAN,23,36,-7.689718,110.3812751
2025,KAB SLEMAN,24,44,-7.689718,110.3812751
2025,KAB SLEMAN,25,29,-7.689718,110.3812751
2025,KAB SLEMAN,26,32,-7.689718,110.3812751
2025,KAB SLEMAN,27,33,-7.689718,110.3812751
2025,KAB SLEMAN,28,31,-7.689718,110.3812751
2025,KAB SLEMAN,29,40,-7.689718,110.3812751
2025,KAB SLEMAN,30,35,-7.689718,110.3812751
2025,KAB SLEMAN,31,28,-7.689718,110.3812751
2025,KAB SLEMAN,32,22,-7.689718,110.3812751
2025,KAB SLEMAN,33,32,-7.689718,110.3812751
2025,KAB SLEMAN,34,26,-7.689718,110.3812751
2025,KAB SLEMAN,35,23,-7.689718,110.3812751
2025,KAB SLEMAN,36,31,-7.689718,110.3812751
2025,KAB SLEMAN,37,19,-7.689718,110.3812751
2025,KAB SLEMAN,38,28,-7.689718,110.3812751
2025,KAB SLEMAN,39,29,-7.689718,110.3812751
2025,KAB SLEMAN,40,23,-7.689718,110.3812751
2025,KAB SLEMAN,41,32,-7.689718,110.3812751
2025,KAB SLEMAN,42,18,-7.689718,110.3812751
2025,KAB SLEMAN,43,16,-7.689718,110.3812751
2025,KAB SLEMAN,44,22,-7.689718,110.3812751
2025,KAB SLEMAN,45,23,-7.689718,110.3812751
2025,KAB SLEMAN,46,13,-7.689718,110.3812751
2025,KAB SLEMAN,47,14,-7.689718,110.3812751
2025,KAB SLEMAN,48,15,-7.689718,110.3812751
2025,KAB SLEMAN,49,10,-7.689718,110.3812751
2025,KAB SLEMAN,50,18,-7.689718,110.3812751
2025,KAB SLEMAN,51,24,-7.689718,110.3812751
2025,KAB SLEMAN,52,12,-7.689718,110.3812751
2025,KOTA YOGYAKARTA,1,10,-7.8239138,110.3479391
2025,KOTA YOGYAKARTA,2,19,-7.8239138,110.3479391
2025,KOTA YOGYAKARTA,3,13,-7.8239138,110.3479391
2025,KOTA YOGYAKARTA,4,15,-7.8239138,110.3479391
2025,KOTA YOGYAKARTA,5,7,-7.8239138,110.3479391
2025,KOTA YOGYAKARTA,6,5,-7.8239138,110.3479391
2025,KOTA YOGYAKARTA,7,8,-7.8239138,110.3479391
2025,KOTA YOGYAKARTA,8,6,-7.8239138,110.3479391
2025,KOTA YOGYAKARTA,9,7,-7.8239138,110.3479391
2025,KOTA YOGYAKARTA,10,2,-7.8239138,110.3479391
2025,KOTA YOGYAKARTA,11,2,-7.8239138,110.3479391
2025,KOTA YOGYAKARTA,12,2,-7.8239138,110.3479391
2025,KOTA YOGYAKARTA,13,5,-7.8239138,110.3479391
2025,KOTA YOGYAKARTA,14,4,-7.8239138,110.3479391
2025,KOTA YOGYAKARTA,15,3,-7.8239138,110.3479391
2025,KOTA YOGYAKARTA,16,4,-7.8239138,110.3479391
2025,KOTA YOGYAKARTA,17,8,-7.8239138,110.3479391
2025,KOTA YOGYAKARTA,18,3,-7.8239138,110.3479391
2025,KOTA YOGYAKARTA,19,4,-7.8239138,110.3479391
2025,KOTA YOGYAKARTA,20,3,-7.8239138,110.3479391
2025,KOTA YOGYAKARTA,21,3,-7.8239138,110.3479391
2025,KOTA YOGYAKARTA,22,7,-7.8239138,110.3479391
2025,KOTA YOGYAKARTA,23,6,-7.8239138,110.3479391
2025,KOTA YOGYAKARTA,24,10,-7.8239138,110.3479391
2025,KOTA YOGYAKARTA,25,9,-7.8239138,110.3479391
2025,KOTA YOGYAKARTA,26,11,-7.8239138,110.3479391
2025,KOTA YOGYAKARTA,27,6,-7.8239138,110.3479391
2025,KOTA YOGYAKARTA,28,6,-7.8239138,110.3479391
2025,KOTA YOGYAKARTA,29,5,-7.8239138,110.3479391
2025,KOTA YOGYAKARTA,30,6,-7.8239138,110.3479391
2025,KOTA YOGYAKARTA,31,7,-7.8239138,110.3479391
2025,KOTA YOGYAKARTA,32,3,-7.8239138,110.3479391
2025,KOTA YOGYAKARTA,33,6,-7.8239138,110.3479391
2025,KOTA YOGYAKARTA,34,5,-7.8239138,110.3479391
2025,KOTA YOGYAKARTA,35,3,-7.8239138,110.3479391
2025,KOTA YOGYAKARTA,36,5,-7.8239138,110.3479391
2025,KOTA YOGYAKARTA,37,4,-7.8239138,110.3479391
2025,KOTA YOGYAKARTA,38,6,-7.8239138,110.3479391
2025,KOTA YOGYAKARTA,39,1,-7.8239138,110.3479391
2025,KOTA YOGYAKARTA,40,2,-7.8239138,110.3479391
2025,KOTA YOGYAKARTA,41,2,-7.8239138,110.3479391
2025,KOTA YOGYAKARTA,42,1,-7.8239138,110.3479391
2025,KOTA YOGYAKARTA,43,1,-7.8239138,110.3479391
2025,KOTA YOGYAKARTA,44,5,-7.8239138,110.3479391
2025,KOTA YOGYAKARTA,45,0,-7.8239138,110.3479391
2025,KOTA YOGYAKARTA,46,2,-7.8239138,110.3479391
2025,KOTA YOGYAKARTA,47,7,-7.8239138,110.3479391
2025,KOTA YOGYAKARTA,48,4,-7.8239138,110.3479391
2025,KOTA YOGYAKARTA,49,3,-7.8239138,110.3479391
2025,KOTA YOGYAKARTA,50,2,-7.8239138,110.3479391
2025,KOTA YOGYAKARTA,51,0,-7.8239138,110.3479391
2025,KOTA YOGYAKARTA,52,1,-7.8239138,110.3479391
,,,,,