Year,Region,Week,Cases,Latitude,Longitude,NDVI,Cloud_Cover,Humidity,Precipitation_Total,Temperature_Min,Temperature_Max,Temperature_Avg,Pressure,Wind_Speed,Wind_Direction
2022,KOTA YOGYAKARTA,13,1,-7.8239138,110.3479391,0.6836069399253956,73.0,63.0,0.12,23.3,31.21,30.83,1009.0,2.97,217.0
2022,KOTA YOGYAKARTA,14,0,-7.8239138,110.3479391,0.6309234623323873,26.0,63.0,9.4,23.6,30.67,30.64,1009.0,3.35,199.0
2022,KOTA YOGYAKARTA,15,4,-7.8239138,110.3479391,0.6477194698367782,94.0,65.0,3.38,23.41,30.27,29.92,1009.0,3.36,181.0
2022,KOTA YOGYAKARTA,16,2,-7.8239138,110.3479391,0.666659413092238,65.0,60.0,0.26,23.87,31.93,31.93,1007.0,3.18,167.0
2022,KOTA YOGYAKARTA,17,2,-7.8239138,110.3479391,0.5789820441554948,95.0,64.0,3.28,24.13,30.93,30.93,1007.0,3.61,196.0
2022,KOTA YOGYAKARTA,18,4,-7.8239138,110.3479391,0.3413417720312112,79.0,58.0,1.7,24.07,31.95,31.95,1007.0,3.05,104.0
2022,KOTA YOGYAKARTA,19,1,-7.8239138,110.3479391,0.4931895868688734,94.0,71.0,8.83,24.2,30.48,30.19,1007.0,3.24,240.0
2022,KOTA YOGYAKARTA,20,2,-7.8239138,110.3479391,0.4596594704251243,100.0,66.0,0.0,24.58,31.21,30.46,1010.0,3.73,192.0
2022,KOTA YOGYAKARTA,21,4,-7.8239138,110.3479391,0.34832897256273376,57.0,65.0,10.3,23.56,30.75,29.7,1008.0,1.98,61.0
2022,KOTA YOGYAKARTA,22,2,-7.8239138,110.3479391,0.5480079290873033,100.0,59.0,0.25,23.62,30.98,30.98,1009.0,2.65,203.0
2022,KOTA YOGYAKARTA,23,7,-7.8239138,110.3479391,0.4233652036243823,71.0,68.0,3.48,22.97,29.51,29.51,1010.0,3.19,177.0
2022,KOTA YOGYAKARTA,24,2,-7.8239138,110.3479391,0.3938230116824627,100.0,71.0,12.21,23.43,29.67,29.35,1009.0,2.31,194.0
2022,KOTA YOGYAKARTA,25,5,-7.8239138,110.3479391,0.5138692587547071,61.0,62.0,0.0,23.0,30.5,30.5,1009.0,4.19,162.0
2022,KOTA YOGYAKARTA,26,2,-7.8239138,110.3479391,0.5236524171697823,78.0,73.0,0.97,23.84,28.75,28.05,1010.0,5.31,145.0
2022,KOTA YOGYAKARTA,27,11,-7.8239138,110.3479391,0.41405415823204395,55.0,61.0,0.18,23.25,31.19,31.19,1007.0,2.13,128.0
2022,KOTA YOGYAKARTA,28,3,-7.8239138,110.3479391,0.49626444026991084,61.0,63.0,0.0,21.73,28.63,28.63,1010.0,4.74,157.0
2022,KOTA YOGYAKARTA,29,1,-7.8239138,110.3479391,0.40407977824107405,92.0,74.0,0.69,23.02,27.96,27.36,1011.0,4.25,129.0
2022,KOTA YOGYAKARTA,30,4,-7.8239138,110.3479391,0.45045128807745877,85.0,69.0,0.0,21.36,27.12,26.7,1010.0,5.2,153.0
2022,KOTA YOGYAKARTA,31,8,-7.8239138,110.3479391,0.4866525209325447,88.0,60.0,0.0,22.2,29.97,29.6,1009.0,4.36,180.0
2022,KOTA YOGYAKARTA,32,4,-7.8239138,110.3479391,0.4482080684285034,91.0,74.0,0.15,22.51,27.11,26.56,1011.0,4.33,162.0
2022,KOTA YOGYAKARTA,33,6,-7.8239138,110.3479391,0.44056618086246613,78.0,67.0,26.41,23.16,29.81,29.66,1010.0,3.03,183.0
2022,KOTA YOGYAKARTA,34,5,-7.8239138,110.3479391,0.38877478027185713,94.0,69.0,0.0,22.87,27.94,27.49,1010.0,4.29,152.0
2022,KOTA YOGYAKARTA,35,4,-7.8239138,110.3479391,0.40478524368096275,99.0,62.0,0.0,22.26,27.41,26.44,1010.0,4.7,160.0
2022,KOTA YOGYAKARTA,36,2,-7.8239138,110.3479391,0.4032440676118533,73.0,53.0,0.0,21.8,30.85,30.46,1010.0,5.13,169.0
2022,KOTA YOGYAKARTA,37,8,-7.8239138,110.3479391,0.4820004553410241,93.0,80.0,2.62,23.37,27.47,26.7,1011.0,4.37,147.0
2022,KOTA YOGYAKARTA,38,7,-7.8239138,110.3479391,0.4222081335619829,90.0,60.0,0.0,23.57,29.6,29.6,1011.0,4.48,181.0
2022,KOTA YOGYAKARTA,39,2,-7.8239138,110.3479391,0.448563222253096,68.0,70.0,0.0,23.68,28.93,28.26,1010.0,4.82,163.0
2022,KOTA YOGYAKARTA,40,3,-7.8239138,110.3479391,0.46873425741551233,66.0,75.0,5.89,23.87,28.4,28.38,1008.0,4.11,185.0
2022,KOTA YOGYAKARTA,41,3,-7.8239138,110.3479391,0.46495462749883565,100.0,67.0,10.48,23.76,29.31,29.3,1011.0,3.82,171.0
2022,KOTA YOGYAKARTA,42,4,-7.8239138,110.3479391,0.4884929550851437,100.0,74.0,0.0,23.68,28.24,27.95,1011.0,4.26,173.0
2022,KOTA YOGYAKARTA,43,3,-7.8239138,110.3479391,0.46379711459728024,100.0,60.0,12.06,24.71,31.05,31.05,1009.0,4.6,221.0
2022,KOTA YOGYAKARTA,44,4,-7.8239138,110.3479391,0.5949595945248236,99.0,64.0,0.0,22.87,27.41,27.41,1010.0,4.12,198.0
2022,KOTA YOGYAKARTA,45,2,-7.8239138,110.3479391,0.6265832532328456,97.0,78.0,18.09,24.14,28.01,27.73,1012.0,3.46,182.0
2022,KOTA YOGYAKARTA,46,3,-7.8239138,110.3479391,0.7037697373931115,100.0,71.0,7.65,23.84,29.3,29.3,1008.0,3.3,169.0
2022,KOTA YOGYAKARTA,47,3,-7.8239138,110.3479391,0.6353320964058222,33.0,65.0,18.61,23.37,31.03,30.0,1007.0,5.2,233.0
2022,KOTA YOGYAKARTA,48,4,-7.8239138,110.3479391,0.6566776464164099,100.0,76.0,7.89,22.8,27.76,27.06,1009.0,3.28,196.0
2022,KOTA YOGYAKARTA,49,3,-7.8239138,110.3479391,0.7022153541507365,100.0,75.0,8.53,23.46,27.8,27.45,1009.0,3.02,206.0
2022,KOTA YOGYAKARTA,50,3,-7.8239138,110.3479391,0.6114554317098597,76.0,66.0,2.72,23.46,29.62,29.47,1009.0,3.51,183.0
2022,KOTA YOGYAKARTA,51,3,-7.8239138,110.3479391,0.6676326872099696,6.0,57.0,0.0,23.43,31.13,31.08,1006.0,4.29,196.0
2022,KOTA YOGYAKARTA,52,0,-7.8239138,110.3479391,0.5717365661634943,100.0,88.0,15.38,23.5,25.26,24.79,1009.0,2.71,290.0
2023,KAB BANTUL,1,15,-7.902328,110.2862991,0.6323167559829463,99.0,70.0,4.77,23.83,29.15,28.82,1009.0,5.9,263.0
2023,KAB BANTUL,2,17,-7.902328,110.2862991,0.5944898735154375,34.0,66.0,3.35,23.81,29.37,29.37,1010.0,4.61,225.0
2023,KAB BANTUL,3,24,-7.902328,110.2862991,0.6574445447233394,76.0,64.0,5.27,24.54,30.05,29.96,1008.0,4.62,233.0
2023,KAB BANTUL,4,24,-7.902328,110.2862991,0.6926930179650093,33.0,66.0,4.68,24.23,29.67,29.67,1007.0,4.95,228.0
2023,KAB BANTUL,5,14,-7.902328,110.2862991,0.6598687204532669,100.0,81.0,14.32,24.0,28.58,27.11,1007.0,2.62,189.0
2023,KAB BANTUL,6,20,-7.902328,110.2862991,0.5868668826224708,99.0,64.0,12.23,24.24,30.34,30.01,1007.0,5.88,251.0
2023,KAB BANTUL,7,16,-7.902328,110.2862991,0.6214860469372256,19.0,66.0,34.6,23.18,30.86,30.2,1009.0,6.15,295.0
2023,KAB BANTUL,8,12,-7.902328,110.2862991,0.6858587198846147,59.0,64.0,0.0,23.99,29.94,29.94,1009.0,5.84,253.0
2023,KAB BANTUL,9,10,-7.902328,110.2862991,0.7233630260676639,100.0,80.0,40.75,24.0,29.11,26.93,1010.0,4.64,280.0
2023,KAB BANTUL,10,8,-7.902328,110.2862991,0.7445641162324775,65.0,65.0,6.63,24.48,29.87,29.87,1012.0,5.69,247.0
2023,KAB BANTUL,11,8,-7.902328,110.2862991,0.5798549258233583,17.0,58.0,0.12,23.74,30.82,30.73,1010.0,3.98,185.0
2023,KAB BANTUL,12,13,-7.902328,110.2862991,0.5382520576003675,25.0,64.0,4.55,24.33,31.07,31.07,1008.0,4.46,148.0
2023,KAB BANTUL,13,8,-7.902328,110.2862991,0.6867860731064273,100.0,62.0,10.39,24.29,30.6,30.6,1008.0,3.67,235.0
2023,KAB BANTUL,14,12,-7.902328,110.2862991,0.6412963086140424,97.0,75.0,7.56,23.76,28.9,28.45,1008.0,3.69,249.0
2023,KAB BANTUL,15,7,-7.902328,110.2862991,0.6331763556054769,35.0,62.0,1.09,23.36,30.14,30.14,1011.0,4.51,233.0
2023,KAB BANTUL,16,4,-7.902328,110.2862991,0.6510427267517886,90.0,61.0,0.0,23.89,30.62,30.62,1008.0,4.16,214.0
2023,KAB BANTUL,17,6,-7.902328,110.2862991,0.6907172368466017,42.0,68.0,3.89,24.63,30.96,30.45,1008.0,3.53,148.0
2023,KAB BANTUL,18,8,-7.902328,110.2862991,0.4798503014233042,37.0,66.0,0.0,24.07,30.5,30.5,1007.0,3.48,191.0
2023,KAB BANTUL,19,5,-7.902328,110.2862991,0.43972706196673955,96.0,69.0,4.57,24.97,30.04,30.04,1007.0,4.89,157.0
2023,KAB BANTUL,20,7,-7.902328,110.2862991,0.45533725316339924,43.0,69.0,0.0,22.76,28.34,28.23,1013.0,6.33,141.0
2023,KAB BANTUL,21,7,-7.902328,110.2862991,0.4487684300513196,7.0,59.0,0.1,22.72,30.15,30.15,1012.0,6.4,143.0
2023,KAB BANTUL,22,1,-7.902328,110.2862991,0.44144964516538643,87.0,58.0,0.0,23.28,29.29,29.13,1010.0,6.13,148.0
2023,KAB BANTUL,23,1,-7.902328,110.2862991,0.46339874888660126,92.0,68.0,0.11,24.59,28.9,28.9,1011.0,5.73,150.0
2023,KAB BANTUL,24,6,-7.902328,110.2862991,0.4457560446655044,73.0,71.0,0.0,23.22,28.89,28.65,1010.0,5.6,154.0
2023,KAB BANTUL,25,5,-7.902328,110.2862991,0.4166984805379734,12.0,65.0,0.1,23.17,30.08,30.08,1010.0,3.78,194.0
2023,KAB BANTUL,26,1,-7.902328,110.2862991,0.4447849005035592,35.0,64.0,0.0,23.36,29.02,29.02,1009.0,4.64,182.0
2023,KAB BANTUL,27,5,-7.902328,110.2862991,0.4374820724964913,94.0,78.0,0.27,23.84,26.57,26.27,1013.0,5.62,159.0
2023,KAB BANTUL,28,15,-7.902328,110.2862991,0.44950946729563973,54.0,75.0,0.0,23.72,28.52,28.27,1010.0,6.31,139.0
2023,KAB BANTUL,29,14,-7.902328,110.2862991,0.4515964304397312,66.0,63.0,0.0,22.24,28.03,28.03,1012.0,6.14,143.0
2023,KAB BANTUL,30,12,-7.902328,110.2862991,0.42769685806186786,19.0,59.0,0.0,21.43,28.9,28.71,1012.0,7.05,147.0
2023,KAB BANTUL,31,8,-7.902328,110.2862991,0.40902466811228605,67.0,56.0,0.0,21.41,27.96,27.59,1013.0,7.6,146.0
2023,KAB BANTUL,32,6,-7.902328,110.2862991,0.4574907847579377,17.0,65.0,0.0,22.17,28.91,28.54,1013.0,6.47,156.0
2023,KAB BANTUL,33,6,-7.902328,110.2862991,0.45966478327447874,49.0,58.0,0.0,20.51,28.62,28.16,1012.0,5.73,163.0
2023,KAB BANTUL,34,4,-7.902328,110.2862991,0.4170015646959009,24.0,58.0,0.0,20.66,28.92,28.78,1012.0,6.58,158.0
2023,KAB BANTUL,35,10,-7.902328,110.2862991,0.448066832203634,56.0,57.0,0.0,21.45,28.25,28.25,1012.0,6.03,165.0
2023,KAB BANTUL,36,11,-7.902328,110.2862991,0.47210265328850015,21.0,57.0,0.0,20.11,27.86,27.86,1011.0,7.45,154.0
2023,KAB BANTUL,37,7,-7.902328,110.2862991,0.4016265382561542,23.0,51.0,0.0,20.18,28.46,28.43,1013.0,6.11,163.0
2023,KAB BANTUL,38,10,-7.902328,110.2862991,0.49376085962802274,86.0,58.0,0.0,22.54,28.86,28.74,1011.0,7.63,158.0
2023,KAB BANTUL,39,9,-7.902328,110.2862991,0.5315899359577044,39.0,56.0,0.0,21.22,29.74,29.74,1010.0,7.18,165.0
2023,KAB BANTUL,40,6,-7.902328,110.2862991,0.5336972562334344,18.0,51.0,0.0,21.97,30.52,30.52,1012.0,7.19,164.0
2023,KAB BANTUL,41,11,-7.902328,110.2862991,0.42789788616478575,34.0,54.0,0.0,23.13,31.83,31.71,1011.0,7.92,158.0
2023,KAB BANTUL,42,9,-7.902328,110.2862991,0.522761341164571,67.0,50.0,0.26,22.59,32.04,32.04,1010.0,7.1,169.0
2023,KAB BANTUL,43,12,-7.902328,110.2862991,0.45524134537332434,38.0,54.0,0.0,21.93,31.41,31.41,1011.0,6.57,180.0
2023,KAB BANTUL,44,8,-7.902328,110.2862991,0.624118981231746,46.0,52.0,0.0,23.55,32.12,32.12,1009.0,7.19,173.0
2023,KAB BANTUL,45,12,-7.902328,110.2862991,0.7143102195819112,45.0,67.0,0.0,24.7,30.88,30.12,1010.0,5.52,154.0
2023,KAB BANTUL,46,16,-7.902328,110.2862991,0.7045257959159539,78.0,61.0,1.96,24.86,29.83,29.6,1012.0,5.1,163.0
2023,KAB BANTUL,47,19,-7.902328,110.2862991,0.6346493810955871,52.0,61.0,0.0,24.73,29.99,29.72,1011.0,4.58,169.0
2023,KAB BANTUL,48,23,-7.902328,110.2862991,0.6590672566815153,94.0,64.0,1.12,24.7,29.99,29.01,1010.0,4.07,192.0
2023,KAB BANTUL,49,9,-7.902328,110.2862991,0.5770469182818727,97.0,71.0,9.1,25.0,28.98,28.67,1010.0,4.23,172.0
2023,KAB BANTUL,50,4,-7.902328,110.2862991,0.6094489136933546,70.0,61.0,0.45,25.93,30.22,30.15,1009.0,4.84,175.0
2023,KAB BANTUL,51,7,-7.902328,110.2862991,0.6151358026457039,99.0,53.0,0.0,24.77,30.34,30.34,1010.0,5.0,194.0
2023,KAB BANTUL,52,0,-7.902328,110.2862991,0.6532994719711013,89.0,55.0,0.0,23.73,33.12,31.71,1011.0,4.9,196.0
2023,KAB GUNUNG KIDUL,1,1,-7.9930685,110.2704459,0.6583425284697247,99.0,72.0,4.06,23.96,28.81,28.37,1010.0,6.62,265.0
2023,KAB GUNUNG KIDUL,2,4,-7.9930685,110.2704459,0.6306226300043479,32.0,68.0,2.13,24.03,28.87,28.8,1010.0,4.54,226.0
2023,KAB GUNUNG KIDUL,3,2,-7.9930685,110.2704459,0.6676845857887965,73.0,66.0,3.77,24.8,29.61,29.45,1008.0,4.52,236.0
2023,KAB GUNUNG KIDUL,4,4,-7.9930685,110.2704459,0.6816730384637262,30.0,68.0,4.66,24.33,29.24,29.24,1008.0,4.92,228.0
2023,KAB GUNUNG KIDUL,5,0,-7.9930685,110.2704459,0.632917521820854,100.0,82.0,10.98,24.08,27.37,26.89,1007.0,2.92,217.0
2023,KAB GUNUNG KIDUL,6,0,-7.9930685,110.2704459,0.6121905790022689,99.0,66.0,10.39,24.34,29.93,29.64,1007.0,6.23,249.0
2023,KAB GUNUNG KIDUL,7,1,-7.9930685,110.2704459,0.5528311233869233,18.0,68.0,32.24,23.16,30.46,29.79,1009.0,6.86,299.0
2023,KAB GUNUNG KIDUL,8,5,-7.9930685,110.2704459,0.6286042481526835,58.0,66.0,0.0,24.2,29.44,29.44,1009.0,5.97,256.0
2023,KAB GUNUNG KIDUL,9,2,-7.9930685,110.2704459,0.6541099399069781,100.0,80.0,35.73,24.16,28.82,26.8,1010.0,5.47,280.0
2023,KAB GUNUNG KIDUL,10,0,-7.9930685,110.2704459,0.6384112638846542,61.0,67.0,5.51,24.68,29.44,29.44,1012.0,5.96,249.0
2023,KAB GUNUNG KIDUL,11,1,-7.9930685,110.2704459,0.6888013919297511,17.0,61.0,0.0,23.91,30.17,30.12,1010.0,3.97,186.0
2023,KAB GUNUNG KIDUL,12,1,-7.9930685,110.2704459,0.6197687166458372,24.0,66.0,3.31,24.43,30.69,30.69,1008.0,5.18,147.0
2023,KAB GUNUNG KIDUL,13,0,-7.9930685,110.2704459,0.6375728872087865,100.0,64.0,8.66,24.39,30.19,30.19,1008.0,3.82,237.0
2023,KAB GUNUNG KIDUL,14,4,-7.9930685,110.2704459,0.6892444954091241,98.0,76.0,7.22,23.83,28.68,28.14,1008.0,3.97,252.0
2023,KAB GUNUNG KIDUL,15,1,-7.9930685,110.2704459,0.5534253875001278,27.0,65.0,0.95,23.53,29.59,29.59,1011.0,4.4,234.0
2023,KAB GUNUNG KIDUL,16,5,-7.9930685,110.2704459,0.6124194052533185,92.0,64.0,0.0,24.09,29.97,29.97,1008.0,4.09,215.0
2023,KAB GUNUNG KIDUL,17,0,-7.9930685,110.2704459,0.608484361827196,43.0,70.0,2.07,24.82,30.54,29.96,1008.0,4.09,135.0
2023,KAB GUNUNG KIDUL,18,1,-7.9930685,110.2704459,0.413285784509702,36.0,69.0,0.0,24.16,30.02,30.0,1007.0,3.67,193.0
2023,KAB GUNUNG KIDUL,19,0,-7.9930685,110.2704459,0.4732507163082571,97.0,71.0,2.99,25.17,29.74,29.58,1007.0,5.57,154.0
2023,KAB GUNUNG KIDUL,20,1,-7.9930685,110.2704459,0.4948946511095789,39.0,70.0,0.0,22.93,28.18,28.15,1013.0,6.81,139.0
2023,KAB GUNUNG KIDUL,21,9,-7.9930685,110.2704459,0.4147614659479119,6.0,61.0,0.0,22.72,29.77,29.77,1012.0,7.25,141.0
2023,KAB GUNUNG KIDUL,22,2,-7.9930685,110.2704459,0.4577261070479551,89.0,60.0,0.0,23.52,28.79,28.71,1010.0,6.73,147.0
2023,KAB GUNUNG KIDUL,23,0,-7.9930685,110.2704459,0.4790339101177045,92.0,69.0,0.0,24.71,28.69,28.63,1011.0,6.22,147.0
2023,KAB GUNUNG KIDUL,24,2,-7.9930685,110.2704459,0.4285583576795462,69.0,73.0,0.0,23.38,28.39,28.17,1010.0,5.97,151.0
2023,KAB GUNUNG KIDUL,25,0,-7.9930685,110.2704459,0.4408788787375719,13.0,67.0,0.0,23.16,29.49,29.49,1010.0,3.92,192.0
2023,KAB GUNUNG KIDUL,26,0,-7.9930685,110.2704459,0.4616738325555575,32.0,67.0,0.0,23.53,28.44,28.43,1009.0,4.67,178.0
2023,KAB GUNUNG KIDUL,27,1,-7.9930685,110.2704459,0.4357361202697099,95.0,78.0,0.17,24.08,26.53,26.29,1013.0,6.19,157.0
2023,KAB GUNUNG KIDUL,28,4,-7.9930685,110.2704459,0.4773456486121835,53.0,77.0,0.0,23.86,28.15,27.9,1010.0,7.21,137.0
2023,KAB GUNUNG KIDUL,29,1,-7.9930685,110.2704459,0.5076183304473207,65.0,64.0,0.0,22.41,27.65,27.65,1012.0,6.59,140.0
2023,KAB GUNUNG KIDUL,30,1,-7.9930685,110.2704459,0.3995524709021867,18.0,62.0,0.0,21.55,28.14,28.04,1012.0,7.84,145.0
2023,KAB GUNUNG KIDUL,31,5,-7.9930685,110.2704459,0.44028261209605596,64.0,58.0,0.0,21.79,27.4,27.08,1013.0,7.97,144.0
2023,KAB GUNUNG KIDUL,32,3,-7.9930685,110.2704459,0.416247357679839,16.0,69.0,0.0,22.28,28.23,27.75,1013.0,7.18,151.0
2023,KAB GUNUNG KIDUL,33,1,-7.9930685,110.2704459,0.4440168444731915,49.0,62.0,0.0,20.53,27.66,27.25,1012.0,6.05,153.0
2023,KAB GUNUNG KIDUL,34,4,-7.9930685,110.2704459,0.4496703557844697,24.0,62.0,0.0,20.78,27.98,27.9,1012.0,6.79,154.0
2023,KAB GUNUNG KIDUL,35,0,-7.9930685,110.2704459,0.39446384671608203,54.0,60.0,0.0,21.26,27.46,27.46,1012.0,6.48,160.0
2023,KAB GUNUNG KIDUL,36,1,-7.9930685,110.2704459,0.4612369013275905,21.0,61.0,0.0,20.32,26.86,26.86,1012.0,7.94,154.0
2023,KAB GUNUNG KIDUL,37,3,-7.9930685,110.2704459,0.5053216013791404,22.0,54.0,0.0,20.32,27.67,27.61,1013.0,6.13,159.0
2023,KAB GUNUNG KIDUL,38,0,-7.9930685,110.2704459,0.5273771537742846,86.0,61.0,0.0,22.6,28.2,28.13,1011.0,8.28,154.0
2023,KAB GUNUNG KIDUL,39,4,-7.9930685,110.2704459,0.4193980254566208,37.0,59.0,0.0,21.28,28.81,28.81,1011.0,7.37,161.0
2023,KAB GUNUNG KIDUL,40,1,-7.9930685,110.2704459,0.36829991818249264,20.0,56.0,0.0,22.02,29.4,29.4,1013.0,7.21,162.0
2023,KAB GUNUNG KIDUL,41,1,-7.9930685,110.2704459,0.45334825177571736,31.0,59.0,0.0,23.18,30.66,30.44,1011.0,8.65,153.0
2023,KAB GUNUNG KIDUL,42,0,-7.9930685,110.2704459,0.5101136557187947,64.0,55.0,0.0,22.75,30.72,30.72,1010.0,7.44,164.0
2023,KAB GUNUNG KIDUL,43,3,-7.9930685,110.2704459,0.4475172384555971,37.0,59.0,0.0,21.98,30.08,30.08,1012.0,6.57,176.0
2023,KAB GUNUNG KIDUL,44,1,-7.9930685,110.2704459,0.6666712842769399,43.0,57.0,0.0,23.65,30.89,30.89,1010.0,7.39,170.0
2023,KAB GUNUNG KIDUL,45,1,-7.9930685,110.2704459,0.6595076228236338,46.0,69.0,0.0,24.81,30.26,29.54,1010.0,6.58,153.0
2023,KAB GUNUNG KIDUL,46,1,-7.9930685,110.2704459,0.6557565485349051,78.0,63.0,1.18,25.01,29.44,29.23,1012.0,5.28,156.0
2023,KAB GUNUNG KIDUL,47,2,-7.9930685,110.2704459,0.6337336800641845,47.0,62.0,0.0,24.83,29.59,29.42,1011.0,4.93,169.0
2023,KAB GUNUNG KIDUL,48,3,-7.9930685,110.2704459,0.6350205377597303,92.0,63.0,0.9,24.86,29.73,29.09,1010.0,4.23,189.0
2023,KAB GUNUNG KIDUL,49,2,-7.9930685,110.2704459,0.7381455650933377,97.0,72.0,8.8,25.05,28.74,28.48,1010.0,4.51,170.0
2023,KAB GUNUNG KIDUL,50,2,-7.9930685,110.2704459,0.7095242524434862,71.0,62.0,0.3,26.14,29.87,29.87,1009.0,4.94,173.0
2023,KAB GUNUNG KIDUL,51,4,-7.9930685,110.2704459,0.6880995174467278,100.0,55.0,0.0,25.06,29.81,29.8,1010.0,4.91,193.0
2023,KAB GUNUNG KIDUL,52,0,-7.9930685,110.2704459,0.7540235601160068,86.0,58.0,0.0,23.83,33.12,30.87,1011.0,4.94,184.0
2023,KAB KULON PROGO,1,9,-7.8124619,109.9789867,0.6677549110690212,100.0,62.0,12.93,24.02,30.45,30.22,1009.0,4.05,251.0
2023,KAB KULON PROGO,2,4,-7.8124619,109.9789867,0.6876839922617409,34.0,65.0,0.48,23.24,29.92,29.89,1010.0,4.04,219.0
2023,KAB KULON PROGO,3,5,-7.8124619,109.9789867,0.6611221317949895,78.0,62.0,7.13,23.66,30.76,30.63,1008.0,4.55,229.0
2023,KAB KULON PROGO,4,12,-7.8124619,109.9789867,0.6792854739449143,46.0,68.0,1.88,23.95,29.87,29.87,1008.0,4.2,227.0
2023,KAB KULON PROGO,5,1,-7.8124619,109.9789867,0.68776515470389,100.0,82.0,13.73,23.89,29.26,27.34,1007.0,2.14,218.0
2023,KAB KULON PROGO,6,3,-7.8124619,109.9789867,0.7588429956823302,95.0,59.0,8.58,23.73,30.63,30.53,1007.0,4.72,234.0
2023,KAB KULON PROGO,7,4,-7.8124619,109.9789867,0.7064402365271163,29.0,73.0,20.37,22.94,30.57,29.51,1009.0,4.08,237.0
2023,KAB KULON PROGO,8,4,-7.8124619,109.9789867,0.7009152767401002,68.0,63.0,0.12,23.35,30.49,30.44,1010.0,4.9,241.0
2023,KAB KULON PROGO,9,3,-7.8124619,109.9789867,0.6548906381991519,100.0,82.0,18.39,23.74,30.25,27.12,1010.0,2.99,273.0
2023,KAB KULON PROGO,10,7,-7.8124619,109.9789867,0.5648170295577087,72.0,62.0,8.32,23.55,30.3,30.3,1012.0,4.56,231.0
2023,KAB KULON PROGO,11,4,-7.8124619,109.9789867,0.6691479673883022,15.0,50.0,0.0,23.51,32.16,32.16,1010.0,4.11,190.0
2023,KAB KULON PROGO,12,9,-7.8124619,109.9789867,0.6431800736387376,47.0,66.0,9.97,24.38,31.37,31.1,1008.0,2.82,186.0
2023,KAB KULON PROGO,13,6,-7.8124619,109.9789867,0.6468653420484604,87.0,61.0,8.42,24.05,31.0,31.0,1008.0,3.58,225.0
2023,KAB KULON PROGO,14,1,-7.8124619,109.9789867,0.562942474786539,90.0,73.0,11.29,23.32,29.28,29.28,1008.0,3.46,222.0
2023,KAB KULON PROGO,15,0,-7.8124619,109.9789867,0.6705748210374896,60.0,59.0,0.0,23.3,30.68,30.68,1011.0,4.5,225.0
2023,KAB KULON PROGO,16,5,-7.8124619,109.9789867,0.7133037039488066,60.0,58.0,0.0,24.0,31.5,31.5,1008.0,4.13,214.0
2023,KAB KULON PROGO,17,2,-7.8124619,109.9789867,0.5478663219407881,54.0,63.0,9.1,24.35,31.8,31.7,1008.0,3.52,188.0
2023,KAB KULON PROGO,18,3,-7.8124619,109.9789867,0.4072225584962683,75.0,63.0,0.42,23.93,31.21,31.21,1007.0,3.44,210.0
2023,KAB KULON PROGO,19,4,-7.8124619,109.9789867,0.4681657221816119,95.0,68.0,4.71,24.55,30.84,30.84,1007.0,3.71,166.0
2023,KAB KULON PROGO,20,5,-7.8124619,109.9789867,0.4153218253834979,64.0,71.0,0.0,22.39,28.48,28.01,1013.0,4.7,141.0
2023,KAB KULON PROGO,21,0,-7.8124619,109.9789867,0.4733319975914142,7.0,51.0,0.0,22.83,31.41,31.41,1012.0,4.92,160.0
2023,KAB KULON PROGO,22,5,-7.8124619,109.9789867,0.43862820139833836,90.0,53.0,0.0,22.98,30.53,30.29,1010.0,5.02,157.0
2023,KAB KULON PROGO,23,2,-7.8124619,109.9789867,0.3974186997937287,97.0,66.0,0.0,24.33,30.32,29.24,1011.0,4.55,155.0
2023,KAB KULON PROGO,24,2,-7.8124619,109.9789867,0.4122110120001795,93.0,64.0,0.0,22.71,30.0,30.0,1010.0,4.75,164.0
2023,KAB KULON PROGO,25,3,-7.8124619,109.9789867,0.5280020656868497,17.0,66.0,0.0,23.27,30.04,30.04,1010.0,6.1,102.0
2023,KAB KULON PROGO,26,1,-7.8124619,109.9789867,0.4028166890547085,19.0,57.0,0.0,23.04,30.62,30.62,1009.0,4.08,193.0
2023,KAB KULON PROGO,27,6,-7.8124619,109.9789867,0.4902226534447041,95.0,80.0,0.0,23.42,27.0,26.27,1013.0,4.11,145.0
2023,KAB KULON PROGO,28,0,-7.8124619,109.9789867,0.39922574052800325,69.0,76.0,0.0,23.39,29.19,28.69,1010.0,4.28,147.0
2023,KAB KULON PROGO,29,5,-7.8124619,109.9789867,0.4497249678473233,65.0,62.0,0.0,21.96,28.61,28.61,1012.0,4.82,149.0
2023,KAB KULON PROGO,30,4,-7.8124619,109.9789867,0.4564757448998126,15.0,55.0,0.0,21.2,30.14,30.14,1012.0,5.5,161.0
2023,KAB KULON PROGO,31,3,-7.8124619,109.9789867,0.42408353642202046,84.0,52.0,0.0,20.14,28.99,28.31,1013.0,6.55,149.0
2023,KAB KULON PROGO,32,1,-7.8124619,109.9789867,0.5162600021305016,46.0,59.0,0.0,22.14,30.69,29.7,1013.0,5.14,168.0
2023,KAB KULON PROGO,33,0,-7.8124619,109.9789867,0.4011634212511968,59.0,49.0,0.0,19.72,30.05,29.86,1012.0,5.25,175.0
2023,KAB KULON PROGO,34,3,-7.8124619,109.9789867,0.5761647795602763,50.0,54.0,0.0,20.64,30.22,29.71,1012.0,5.97,165.0
2023,KAB KULON PROGO,35,7,-7.8124619,109.9789867,0.48299742121653716,79.0,60.0,0.0,21.63,28.97,27.6,1012.0,4.78,175.0
2023,KAB KULON PROGO,36,0,-7.8124619,109.9789867,0.42525572648522775,30.0,53.0,0.0,19.67,28.92,28.67,1012.0,6.13,167.0
2023,KAB KULON PROGO,37,7,-7.8124619,109.9789867,0.4360022706494396,37.0,47.0,0.0,19.28,29.65,29.64,1013.0,5.92,165.0
2023,KAB KULON PROGO,38,1,-7.8124619,109.9789867,0.4246153326643997,96.0,59.0,0.0,22.58,30.1,28.51,1012.0,6.05,157.0
2023,KAB KULON PROGO,39,2,-7.8124619,109.9789867,0.5070899291622042,64.0,53.0,0.0,21.08,31.54,30.47,1011.0,5.72,173.0
2023,KAB KULON PROGO,40,4,-7.8124619,109.9789867,0.40533640236118607,27.0,46.0,0.0,21.94,31.7,31.7,1012.0,6.47,166.0
2023,KAB KULON PROGO,41,3,-7.8124619,109.9789867,0.47667756083631707,80.0,53.0,0.0,23.33,32.24,31.88,1011.0,5.84,173.0
2023,KAB KULON PROGO,42,4,-7.8124619,109.9789867,0.49912549457398675,69.0,48.0,0.0,22.9,33.18,33.03,1010.0,5.68,182.0
2023,KAB KULON PROGO,43,3,-7.8124619,109.9789867,0.46091136914717395,49.0,50.0,0.0,22.39,32.74,32.74,1012.0,5.21,194.0
2023,KAB KULON PROGO,44,2,-7.8124619,109.9789867,0.6554567233186458,24.0,43.0,0.0,23.84,33.99,33.99,1009.0,5.86,184.0
2023,KAB KULON PROGO,45,1,-7.8124619,109.9789867,0.602156383040125,70.0,63.0,0.19,24.62,31.69,30.91,1010.0,4.36,157.0
2023,KAB KULON PROGO,46,4,-7.8124619,109.9789867,0.7728747670126035,58.0,59.0,0.77,25.16,30.96,30.38,1012.0,4.68,166.0
2023,KAB KULON PROGO,47,4,-7.8124619,109.9789867,0.5799680013329327,59.0,59.0,0.0,24.64,31.12,30.31,1011.0,4.37,175.0
2023,KAB KULON PROGO,48,5,-7.8124619,109.9789867,0.5605643758284946,94.0,64.0,0.61,24.84,29.75,29.75,1010.0,3.06,192.0
2023,KAB KULON PROGO,49,3,-7.8124619,109.9789867,0.616175506959083,96.0,69.0,6.63,24.33,29.45,29.45,1010.0,3.69,179.0
2023,KAB KULON PROGO,50,7,-7.8124619,109.9789867,0.6844200961103164,69.0,59.0,11.63,25.62,31.01,30.71,1009.0,4.04,181.0
2023,KAB KULON PROGO,51,6,-7.8124619,109.9789867,0.6669771984933291,100.0,50.0,0.0,25.0,31.43,31.43,1010.0,4.5,202.0
2023,KAB KULON PROGO,52,0,-7.8124619,109.9789867,0.6474230370417837,66.0,50.0,0.0,24.18,33.31,33.31,1011.0,4.98,199.0
2023,KAB SLEMAN,1,18,-7.689718,110.3812751,0.7405302547489739,97.0,64.0,6.24,22.3,29.45,29.45,1009.0,3.51,240.0
2023,KAB SLEMAN,2,12,-7.689718,110.3812751,0.642553727882162,45.0,57.0,8.89,22.02,30.61,30.61,1010.0,4.97,223.0
2023,KAB SLEMAN,3,16,-7.689718,110.3812751,0.6792731265261461,84.0,56.0,19.42,22.62,31.0,31.0,1007.0,4.87,222.0
2023,KAB SLEMAN,4,16,-7.689718,110.3812751,0.5963860209674788,41.0,62.0,3.28,22.85,30.27,30.27,1007.0,4.99,224.0
2023,KAB SLEMAN,5,13,-7.689718,110.3812751,0.6118008580650651,100.0,80.0,21.76,22.75,28.07,26.57,1007.0,1.34,207.0
2023,KAB SLEMAN,6,11,-7.689718,110.3812751,0.6706237057417967,100.0,54.0,2.99,22.58,31.02,30.24,1007.0,5.75,236.0
2023,KAB SLEMAN,7,8,-7.689718,110.3812751,0.5600764171003663,31.0,63.0,16.32,21.87,30.88,30.25,1009.0,3.72,267.0
2023,KAB SLEMAN,8,6,-7.689718,110.3812751,0.6102868327974849,64.0,55.0,0.46,22.16,30.92,30.92,1009.0,5.26,240.0
2023,KAB SLEMAN,9,6,-7.689718,110.3812751,0.6037209085711936,100.0,79.0,21.57,22.39,28.97,26.82,1011.0,2.05,226.0
2023,KAB SLEMAN,10,9,-7.689718,110.3812751,0.6142653681352658,83.0,57.0,17.15,22.57,30.48,30.48,1012.0,5.15,224.0
2023,KAB SLEMAN,11,4,-7.689718,110.3812751,0.6538410569509777,16.0,45.0,0.0,22.06,32.35,32.01,1010.0,4.66,188.0
2023,KAB SLEMAN,12,9,-7.689718,110.3812751,0.81789329652065,27.0,59.0,19.43,22.9,31.53,31.44,1008.0,2.57,96.0
2023,KAB SLEMAN,13,13,-7.689718,110.3812751,0.6770689161459624,100.0,58.0,10.57,22.98,30.73,30.73,1008.0,2.61,218.0
2023,KAB SLEMAN,14,11,-7.689718,110.3812751,0.654963958140901,97.0,72.0,9.28,22.31,29.01,28.63,1008.0,3.02,219.0
2023,KAB SLEMAN,15,5,-7.689718,110.3812751,0.6198336198857473,66.0,50.0,5.03,21.72,31.33,31.23,1010.0,5.21,220.0
2023,KAB SLEMAN,16,8,-7.689718,110.3812751,0.5473121406244936,83.0,52.0,0.11,22.18,31.97,31.97,1008.0,4.58,208.0
2023,KAB SLEMAN,17,22,-7.689718,110.3812751,0.6141392756792067,37.0,60.0,10.88,23.0,31.35,31.15,1008.0,2.6,103.0
2023,KAB SLEMAN,18,11,-7.689718,110.3812751,0.469226299015179,48.0,59.0,0.11,22.71,31.19,31.19,1007.0,2.17,167.0
2023,KAB SLEMAN,19,9,-7.689718,110.3812751,0.4494135266204904,86.0,64.0,6.99,23.12,30.66,30.66,1007.0,3.5,198.0
2023,KAB SLEMAN,20,7,-7.689718,110.3812751,0.4016473498636717,61.0,67.0,0.0,21.01,28.13,27.71,1013.0,4.59,157.0
2023,KAB SLEMAN,21,10,-7.689718,110.3812751,0.4857073726790389,10.0,50.0,0.0,21.26,30.83,30.55,1012.0,3.75,167.0
2023,KAB SLEMAN,22,5,-7.689718,110.3812751,0.461163347080458,75.0,52.0,0.0,21.2,30.3,29.72,1010.0,4.28,178.0
2023,KAB SLEMAN,23,6,-7.689718,110.3812751,0.4742913763124212,87.0,65.0,0.0,22.54,28.83,28.83,1011.0,4.06,170.0
2023,KAB SLEMAN,24,9,-7.689718,110.3812751,0.4065835026416209,86.0,60.0,0.0,21.6,30.15,29.86,1010.0,4.33,175.0
2023,KAB SLEMAN,25,6,-7.689718,110.3812751,0.3588470771844802,10.0,56.0,0.0,22.22,31.32,31.32,1010.0,2.78,40.0
2023,KAB SLEMAN,26,16,-7.689718,110.3812751,0.4757925234564559,40.0,55.0,0.0,21.7,30.14,30.12,1009.0,4.47,198.0
2023,KAB SLEMAN,27,6,-7.689718,110.3812751,0.4646948646540809,94.0,80.0,0.11,21.76,25.79,25.44,1013.0,3.59,181.0
2023,KAB SLEMAN,28,10,-7.689718,110.3812751,0.35652752856817027,52.0,69.0,0.0,22.21,29.53,28.91,1010.0,2.78,159.0
2023,KAB SLEMAN,29,8,-7.689718,110.3812751,0.5054462068636681,67.0,57.0,0.0,20.43,28.41,28.41,1012.0,4.69,167.0
2023,KAB SLEMAN,30,10,-7.689718,110.3812751,0.43874607342266303,23.0,51.0,0.0,20.05,30.7,30.27,1012.0,4.46,181.0
2023,KAB SLEMAN,31,5,-7.689718,110.3812751,0.5332851798055416,76.0,48.0,0.0,18.61,29.21,28.64,1013.0,6.09,156.0
2023,KAB SLEMAN,32,2,-7.689718,110.3812751,0.4422369956272738,21.0,51.0,0.0,20.76,30.47,30.47,1013.0,4.08,190.0
2023,KAB SLEMAN,33,12,-7.689718,110.3812751,0.428826674559953,45.0,41.0,0.0,19.05,31.43,30.66,1012.0,5.2,187.0
2023,KAB SLEMAN,34,10,-7.689718,110.3812751,0.4207097688901681,18.0,45.0,0.0,19.3,31.66,31.3,1012.0,5.86,177.0
2023,KAB SLEMAN,35,7,-7.689718,110.3812751,0.3669014919553974,56.0,46.0,0.0,20.19,30.62,30.62,1011.0,5.39,191.0
2023,KAB SLEMAN,36,12,-7.689718,110.3812751,0.34622833882965187,20.0,40.0,0.0,18.16,30.89,30.89,1011.0,5.9,176.0
2023,KAB SLEMAN,37,13,-7.689718,110.3812751,0.43210701719557026,25.0,39.0,0.0,18.43,31.04,31.04,1012.0,6.05,179.0
2023,KAB SLEMAN,38,11,-7.689718,110.3812751,0.3872915915727035,77.0,49.0,0.0,21.17,30.26,30.26,1011.0,5.14,170.0
2023,KAB SLEMAN,39,8,-7.689718,110.3812751,0.43078857720230757,41.0,38.0,0.0,20.0,33.02,33.02,1010.0,6.64,179.0
2023,KAB SLEMAN,40,13,-7.689718,110.3812751,0.4155377158042208,11.0,31.0,0.0,20.73,34.01,34.01,1012.0,6.99,173.0
2023,KAB SLEMAN,41,16,-7.689718,110.3812751,0.42648064274097497,49.0,34.0,0.0,21.94,35.66,35.66,1010.0,5.19,179.0
2023,KAB SLEMAN,42,12,-7.689718,110.3812751,0.5193799145858051,70.0,30.0,0.0,21.04,36.32,36.32,1010.0,5.46,190.0
2023,KAB SLEMAN,43,13,-7.689718,110.3812751,0.39041359524136576,50.0,35.0,0.0,21.0,35.69,35.69,1011.0,5.83,197.0
2023,KAB SLEMAN,44,5,-7.689718,110.3812751,0.6354488129926676,64.0,30.0,0.12,22.14,36.2,36.2,1009.0,6.21,186.0
2023,KAB SLEMAN,45,12,-7.689718,110.3812751,0.5633854569504284,38.0,57.0,0.23,23.34,32.03,31.68,1010.0,2.91,213.0
2023,KAB SLEMAN,46,14,-7.689718,110.3812751,0.6683054662355982,76.0,57.0,0.0,23.21,30.31,30.03,1012.0,4.34,183.0
2023,KAB SLEMAN,47,17,-7.689718,110.3812751,0.6043264932676489,68.0,56.0,0.0,23.06,30.37,29.88,1011.0,4.11,190.0
2023,KAB SLEMAN,48,8,-7.689718,110.3812751,0.6263282654695064,100.0,72.0,1.31,23.04,29.0,27.03,1010.0,3.5,211.0
2023,KAB SLEMAN,49,5,-7.689718,110.3812751,0.6036490755475323,96.0,71.0,8.98,23.14,28.91,28.51,1010.0,3.25,197.0
2023,KAB SLEMAN,50,12,-7.689718,110.3812751,0.6339366470965039,71.0,59.0,2.4,24.02,30.34,29.9,1009.0,4.4,188.0
2023,KAB SLEMAN,51,7,-7.689718,110.3812751,0.7349941816156041,98.0,48.0,0.0,22.64,31.55,31.55,1010.0,5.36,200.0
2023,KAB SLEMAN,52,0,-7.689718,110.3812751,0.5717036525683331,99.0,44.0,0.0,22.41,33.6,33.6,1010.0,4.19,209.0
2023,KOTA YOGYAKARTA,1,1,-7.8239138,110.3479391,0.6196491855600995,98.0,66.0,6.31,23.19,29.54,29.48,1009.0,4.4,254.0
2023,KOTA YOGYAKARTA,2,3,-7.8239138,110.3479391,0.6741396972444136,38.0,61.0,5.42,23.0,30.29,30.29,1010.0,4.92,223.0
2023,KOTA YOGYAKARTA,3,6,-7.8239138,110.3479391,0.5728859677805864,80.0,59.0,11.75,23.67,30.79,30.79,1007.0,4.97,227.0
2023,KOTA YOGYAKARTA,4,0,-7.8239138,110.3479391,0.603108217601996,37.0,63.0,5.29,23.68,30.31,30.31,1007.0,5.13,226.0
2023,KOTA YOGYAKARTA,5,3,-7.8239138,110.3479391,0.6232958358855031,100.0,80.0,19.45,23.48,28.67,27.16,1007.0,1.94,192.0
2023,KOTA YOGYAKARTA,6,2,-7.8239138,110.3479391,0.6995701050162696,100.0,58.0,7.69,23.63,30.96,30.43,1007.0,6.15,242.0
2023,KOTA YOGYAKARTA,7,7,-7.8239138,110.3479391,0.6975326666058214,21.0,63.0,32.74,22.68,31.29,30.71,1009.0,4.85,280.0
2023,KOTA YOGYAKARTA,8,1,-7.8239138,110.3479391,0.7396710599489548,61.0,59.0,0.0,23.2,30.77,30.71,1009.0,5.71,246.0
2023,KOTA YOGYAKARTA,9,1,-7.8239138,110.3479391,0.5944533054593814,100.0,80.0,40.11,23.32,28.2,27.0,1010.0,2.91,262.0
2023,KOTA YOGYAKARTA,10,2,-7.8239138,110.3479391,0.7187538574372789,74.0,60.0,8.11,23.71,30.47,30.47,1012.0,5.48,236.0
2023,KOTA YOGYAKARTA,11,1,-7.8239138,110.3479391,0.6357288395846923,17.0,51.0,0.0,23.06,31.94,31.71,1010.0,4.48,187.0
2023,KOTA YOGYAKARTA,12,1,-7.8239138,110.3479391,0.6836069399253956,27.0,61.0,9.7,23.77,31.58,31.58,1008.0,3.02,131.0
2023,KOTA YOGYAKARTA,13,2,-7.8239138,110.3479391,0.6309234623323873,100.0,59.0,17.63,23.77,31.06,31.06,1008.0,3.25,227.0
2023,KOTA YOGYAKARTA,14,0,-7.8239138,110.3479391,0.6477194698367782,96.0,73.0,8.85,23.19,29.04,28.84,1008.0,3.41,237.0
2023,KOTA YOGYAKARTA,15,3,-7.8239138,110.3479391,0.666659413092238,53.0,55.0,2.31,22.66,31.05,31.01,1010.0,5.06,224.0
2023,KOTA YOGYAKARTA,16,1,-7.8239138,110.3479391,0.5789820441554948,85.0,55.0,0.0,23.11,31.71,31.71,1008.0,4.61,211.0
2023,KOTA YOGYAKARTA,17,3,-7.8239138,110.3479391,0.5413417720312111,40.0,63.0,4.14,23.93,31.48,31.2,1008.0,2.38,131.0
2023,KOTA YOGYAKARTA,18,3,-7.8239138,110.3479391,0.4931895868688734,40.0,62.0,0.0,23.54,31.16,31.16,1007.0,2.83,182.0
2023,KOTA YOGYAKARTA,19,1,-7.8239138,110.3479391,0.4596594704251243,92.0,66.0,5.07,24.14,30.72,30.72,1007.0,3.97,177.0
2023,KOTA YOGYAKARTA,20,2,-7.8239138,110.3479391,0.34832897256273376,51.0,68.0,0.0,22.03,28.5,28.2,1013.0,5.4,147.0
2023,KOTA YOGYAKARTA,21,3,-7.8239138,110.3479391,0.5480079290873033,9.0,54.0,0.0,22.26,30.71,30.59,1012.0,4.8,154.0
2023,KOTA YOGYAKARTA,22,0,-7.8239138,110.3479391,0.4233652036243823,82.0,54.0,0.0,22.4,30.06,29.67,1010.0,5.1,162.0
2023,KOTA YOGYAKARTA,23,2,-7.8239138,110.3479391,0.3938230116824627,91.0,66.0,0.0,23.69,29.13,29.13,1011.0,4.74,160.0
2023,KOTA YOGYAKARTA,24,1,-7.8239138,110.3479391,0.5138692587547071,79.0,65.0,0.0,22.54,29.79,29.48,1010.0,4.9,164.0
2023,KOTA YOGYAKARTA,25,0,-7.8239138,110.3479391,0.5236524171697823,9.0,59.0,0.0,22.86,31.02,31.02,1010.0,3.14,199.0
2023,KOTA YOGYAKARTA,26,2,-7.8239138,110.3479391,0.41405415823204395,41.0,59.0,0.0,22.62,29.92,29.92,1009.0,4.7,191.0
2023,KOTA YOGYAKARTA,27,0,-7.8239138,110.3479391,0.49626444026991084,94.0,79.0,0.3,22.92,26.35,26.01,1013.0,4.45,169.0
2023,KOTA YOGYAKARTA,28,1,-7.8239138,110.3479391,0.40407977824107405,56.0,72.0,0.0,23.08,29.34,28.84,1010.0,4.38,147.0
2023,KOTA YOGYAKARTA,29,0,-7.8239138,110.3479391,0.45045128807745877,68.0,59.0,0.0,21.52,28.54,28.54,1012.0,5.33,154.0
2023,KOTA YOGYAKARTA,30,2,-7.8239138,110.3479391,0.4866525209325447,21.0,54.0,0.0,20.84,30.24,29.82,1012.0,5.6,162.0
2023,KOTA YOGYAKARTA,31,3,-7.8239138,110.3479391,0.4482080684285034,71.0,51.0,0.0,20.11,28.88,28.43,1013.0,6.91,148.0
2023,KOTA YOGYAKARTA,32,0,-7.8239138,110.3479391,0.44056618086246613,18.0,57.0,0.0,21.6,30.01,29.97,1013.0,5.01,172.0
2023,KOTA YOGYAKARTA,33,1,-7.8239138,110.3479391,0.38877478027185713,48.0,48.0,0.0,19.94,30.44,29.82,1012.0,5.42,175.0
2023,KOTA YOGYAKARTA,34,2,-7.8239138,110.3479391,0.40478524368096275,21.0,50.0,0.0,20.08,30.71,30.43,1012.0,6.27,168.0
2023,KOTA YOGYAKARTA,35,2,-7.8239138,110.3479391,0.4032440676118533,58.0,51.0,0.0,21.05,29.77,29.77,1011.0,5.57,179.0
2023,KOTA YOGYAKARTA,36,9,-7.8239138,110.3479391,0.4820004553410241,21.0,47.0,0.0,19.23,29.76,29.76,1011.0,6.6,164.0
2023,KOTA YOGYAKARTA,37,1,-7.8239138,110.3479391,0.4222081335619829,25.0,44.0,0.0,19.5,30.02,30.02,1013.0,6.18,172.0
2023,KOTA YOGYAKARTA,38,2,-7.8239138,110.3479391,0.448563222253096,82.0,52.0,0.0,22.04,29.98,29.9,1011.0,6.4,162.0
2023,KOTA YOGYAKARTA,39,4,-7.8239138,110.3479391,0.46873425741551233,39.0,46.0,0.0,20.75,31.7,31.67,1010.0,7.01,172.0
2023,KOTA YOGYAKARTA,40,1,-7.8239138,110.3479391,0.46495462749883565,14.0,40.0,0.0,21.51,32.73,32.73,1012.0,7.25,169.0
2023,KOTA YOGYAKARTA,41,3,-7.8239138,110.3479391,0.4884929550851437,40.0,42.0,0.0,22.68,34.28,34.28,1010.0,6.32,165.0
2023,KOTA YOGYAKARTA,42,3,-7.8239138,110.3479391,0.46379711459728024,69.0,39.0,0.13,21.91,34.72,34.72,1010.0,6.42,182.0
2023,KOTA YOGYAKARTA,43,3,-7.8239138,110.3479391,0.3949595945248236,42.0,43.0,0.0,21.53,34.08,34.08,1011.0,6.54,187.0
2023,KOTA YOGYAKARTA,44,1,-7.8239138,110.3479391,0.6265832532328456,54.0,40.0,0.0,22.98,34.64,34.64,1009.0,6.64,183.0
2023,KOTA YOGYAKARTA,45,2,-7.8239138,110.3479391,0.7037697373931115,41.0,60.0,0.42,24.15,31.81,31.26,1010.0,3.86,172.0
2023,KOTA YOGYAKARTA,46,0,-7.8239138,110.3479391,0.6353320964058222,78.0,58.0,2.53,24.2,30.39,30.12,1012.0,4.6,172.0
2023,KOTA YOGYAKARTA,47,16,-7.8239138,110.3479391,0.6566776464164099,63.0,58.0,0.0,24.03,30.49,30.03,1011.0,4.2,181.0
2023,KOTA YOGYAKARTA,48,5,-7.8239138,110.3479391,0.7022153541507365,97.0,67.0,1.32,24.03,30.09,28.37,1010.0,3.85,201.0
2023,KOTA YOGYAKARTA,49,2,-7.8239138,110.3479391,0.6114554317098597,98.0,71.0,9.62,24.22,29.18,28.79,1010.0,3.67,186.0
2023,KOTA YOGYAKARTA,50,3,-7.8239138,110.3479391,0.6676326872099696,70.0,59.0,1.15,25.17,30.67,30.37,1009.0,4.7,182.0
2023,KOTA YOGYAKARTA,51,0,-7.8239138,110.3479391,0.5717365661634943,99.0,50.0,0.0,23.8,31.16,31.16,1010.0,5.26,197.0
2023,KOTA YOGYAKARTA,52,0,-7.8239138,110.3479391,0.7344773550334724,95.0,48.0,0.0,23.19,33.19,33.19,1010.0,4.9,196.0
2024,KAB BANTUL,1,13,-7.902328,110.2862991,0.5944898735154375,97.0,74.0,12.35,24.56,29.76,29.76,1010.0,4.91,159.0
2024,KAB BANTUL,2,14,-7.902328,110.2862991,0.6574445447233394,100.0,71.0,19.1,23.96,30.25,28.3,1010.0,3.4,168.0
2024,KAB BANTUL,3,9,-7.902328,110.2862991,0.6926930179650093,68.0,59.0,0.0,25.27,30.99,30.8,1009.0,4.12,205.0
2024,KAB BANTUL,4,13,-7.902328,110.2862991,0.6598687204532669,92.0,69.0,0.12,24.35,29.68,29.68,1010.0,6.45,260.0
2024,KAB BANTUL,5,10,-7.902328,110.2862991,0.5868668826224708,58.0,70.0,21.95,25.0,30.1,29.83,1012.0,3.86,212.0
2024,KAB BANTUL,6,13,-7.902328,110.2862991,0.6214860469372256,60.0,71.0,9.06,24.9,29.72,29.61,1012.0,4.75,254.0
2024,KAB BANTUL,7,28,-7.902328,110.2862991,0.6858587198846147,78.0,65.0,0.0,24.88,30.45,30.45,1012.0,3.84,226.0
2024,KAB BANTUL,8,22,-7.902328,110.2862991,0.7233630260676639,67.0,64.0,0.24,24.98,31.0,31.0,1011.0,4.02,189.0
2024,KAB BANTUL,9,25,-7.902328,110.2862991,0.7445641162324775,98.0,74.0,16.87,24.03,29.9,29.06,1009.0,3.33,249.0
2024,KAB BANTUL,10,29,-7.902328,110.2862991,0.5798549258233583,99.0,74.0,37.36,25.37,29.48,29.42,1010.0,3.2,242.0
2024,KAB BANTUL,11,28,-7.902328,110.2862991,0.5382520576003675,100.0,73.0,12.31,24.4,28.08,28.08,1009.0,2.58,288.0
2024,KAB BANTUL,12,25,-7.902328,110.2862991,0.6867860731064273,68.0,71.0,0.0,24.48,29.67,29.64,1009.0,6.9,251.0
2024,KAB BANTUL,13,25,-7.902328,110.2862991,0.6412963086140424,94.0,65.0,0.56,25.23,30.61,30.61,1010.0,4.25,167.0
2024,KAB BANTUL,14,17,-7.902328,110.2862991,0.6331763556054769,100.0,63.0,0.0,26.03,30.1,30.05,1012.0,4.05,154.0
2024,KAB BANTUL,15,31,-7.902328,110.2862991,0.6510427267517886,48.0,65.0,4.44,24.06,31.04,31.04,1006.0,4.23,226.0
2024,KAB BANTUL,16,31,-7.902328,110.2862991,0.6907172368466017,58.0,70.0,0.72,25.08,30.89,30.81,1010.0,5.27,146.0
2024,KAB BANTUL,17,21,-7.902328,110.2862991,0.6798503014233043,100.0,70.0,10.85,24.7,30.82,30.82,1008.0,5.29,149.0
2024,KAB BANTUL,18,35,-7.902328,110.2862991,0.43972706196673955,90.0,73.0,0.11,25.39,30.38,30.38,1009.0,4.21,154.0
2024,KAB BANTUL,19,39,-7.902328,110.2862991,0.45533725316339924,75.0,69.0,0.16,23.8,29.2,29.02,1010.0,5.03,154.0
2024,KAB BANTUL,20,26,-7.902328,110.2862991,0.4487684300513196,47.0,71.0,0.0,24.31,30.07,29.73,1010.0,5.29,150.0
2024,KAB BANTUL,21,23,-7.902328,110.2862991,0.44144964516538643,100.0,61.0,0.0,24.22,29.66,29.62,1008.0,6.91,136.0
2024,KAB BANTUL,22,28,-7.902328,110.2862991,0.46339874888660126,73.0,69.0,0.0,24.25,29.47,29.3,1011.0,6.3,143.0
2024,KAB BANTUL,23,18,-7.902328,110.2862991,0.4457560446655044,74.0,75.0,0.0,24.52,29.12,29.1,1011.0,5.14,148.0
2024,KAB BANTUL,24,26,-7.902328,110.2862991,0.4166984805379734,85.0,75.0,0.0,24.29,29.08,29.01,1011.0,5.04,150.0
2024,KAB BANTUL,25,38,-7.902328,110.2862991,0.4447849005035592,37.0,64.0,0.0,23.36,29.98,29.98,1010.0,5.11,165.0
2024,KAB BANTUL,26,22,-7.902328,110.2862991,0.4374820724964913,84.0,72.0,0.0,22.5,28.32,28.04,1011.0,7.56,137.0
2024,KAB BANTUL,27,27,-7.902328,110.2862991,0.44950946729563973,66.0,69.0,0.0,24.05,29.53,29.13,1011.0,5.84,156.0
2024,KAB BANTUL,28,13,-7.902328,110.2862991,0.4515964304397312,91.0,68.0,0.0,23.46,29.42,28.9,1010.0,5.07,141.0
2024,KAB BANTUL,29,22,-7.902328,110.2862991,0.42769685806186786,15.0,53.0,0.0,21.88,28.34,28.23,1010.0,7.97,138.0
2024,KAB BANTUL,30,16,-7.902328,110.2862991,0.40902466811228605,5.0,57.0,0.0,21.57,28.92,28.79,1012.0,6.72,151.0
2024,KAB BANTUL,31,21,-7.902328,110.2862991,0.4574907847579377,56.0,64.0,0.0,22.43,28.54,28.36,1012.0,7.13,151.0
2024,KAB BANTUL,32,23,-7.902328,110.2862991,0.45966478327447874,22.0,65.0,0.0,22.75,28.58,28.58,1013.0,5.56,155.0
2024,KAB BANTUL,33,13,-7.902328,110.2862991,0.4170015646959009,33.0,55.0,0.0,21.44,28.57,28.57,1011.0,8.22,146.0
2024,KAB BANTUL,34,22,-7.902328,110.2862991,0.448066832203634,3.0,60.0,0.0,21.23,30.48,28.33,1011.0,6.52,156.0
2024,KAB BANTUL,35,27,-7.902328,110.2862991,0.47210265328850015,55.0,65.0,0.0,22.03,28.02,27.53,1012.0,7.3,155.0
2024,KAB BANTUL,36,18,-7.902328,110.2862991,0.4016265382561542,91.0,67.0,0.0,22.05,28.25,27.79,1011.0,5.33,160.0
2024,KAB BANTUL,37,22,-7.902328,110.2862991,0.49376085962802274,61.0,73.0,1.44,24.12,28.63,28.44,1012.0,6.27,151.0
2024,KAB BANTUL,38,22,-7.902328,110.2862991,0.5315899359577044,5.0,53.0,0.0,23.23,35.48,29.75,1009.0,7.06,161.0
2024,KAB BANTUL,39,18,-7.902328,110.2862991,0.5336972562334344,99.0,59.0,0.0,23.07,37.15,31.1,1009.0,5.36,180.0
2024,KAB BANTUL,40,32,-7.902328,110.2862991,0.42789788616478575,53.0,60.0,0.0,25.11,32.06,31.46,1009.0,7.35,156.0
2024,KAB BANTUL,41,27,-7.902328,110.2862991,0.522761341164571,55.0,61.0,0.0,24.32,30.9,30.9,1009.0,6.95,158.0
2024,KAB BANTUL,42,29,-7.902328,110.2862991,0.45524134537332434,80.0,52.0,0.0,24.73,32.89,32.67,1008.0,7.99,157.0
2024,KAB BANTUL,43,30,-7.902328,110.2862991,0.424118981231746,99.0,74.0,0.57,23.46,27.87,27.68,1013.0,2.92,150.0
2024,KAB BANTUL,44,38,-7.902328,110.2862991,0.5143102195819111,45.0,53.0,0.0,24.73,31.62,31.62,1009.0,6.39,175.0
2024,KAB BANTUL,45,39,-7.902328,110.2862991,0.7045257959159539,98.0,64.0,12.62,24.41,34.37,34.37,1010.0,3.15,206.0
2024,KAB BANTUL,46,25,-7.902328,110.2862991,0.6346493810955871,92.0,68.0,18.71,25.01,30.47,30.37,1009.0,4.26,165.0
2024,KAB BANTUL,47,38,-7.902328,110.2862991,0.6590672566815153,66.0,64.0,14.12,24.91,31.92,31.24,1006.0,4.3,186.0
2024,KAB BANTUL,48,37,-7.902328,110.2862991,0.5770469182818727,100.0,71.0,17.28,24.8,29.69,29.5,1008.0,3.74,228.0
2024,KAB BANTUL,49,64,-7.902328,110.2862991,0.6094489136933546,100.0,69.0,5.16,24.76,30.31,29.86,1007.0,4.78,258.0
2024,KAB BANTUL,50,57,-7.902328,110.2862991,0.6151358026457039,98.0,70.0,6.94,25.1,29.78,29.78,1006.0,3.6,202.0
2024,KAB BANTUL,51,48,-7.902328,110.2862991,0.6532994719711013,100.0,81.0,103.43,23.7,28.35,26.79,1009.0,3.79,272.0
2024,KAB BANTUL,52,0,-7.902328,110.2862991,0.5803484133466132,63.0,70.0,34.33,24.98,31.41,30.3,1008.0,3.77,184.0
2024,KAB GUNUNG KIDUL,1,6,-7.9930685,110.2704459,0.6306226300043479,98.0,74.0,10.91,25.18,29.62,29.62,1010.0,5.38,151.0
2024,KAB GUNUNG KIDUL,2,8,-7.9930685,110.2704459,0.6676845857887965,100.0,71.0,19.4,23.96,29.95,28.3,1010.0,3.8,167.0
2024,KAB GUNUNG KIDUL,3,20,-7.9930685,110.2704459,0.6816730384637262,70.0,61.0,0.0,25.55,30.42,30.25,1009.0,4.0,207.0
2024,KAB GUNUNG KIDUL,4,35,-7.9930685,110.2704459,0.632917521820854,92.0,70.0,0.25,24.53,29.32,29.32,1010.0,6.73,261.0
2024,KAB GUNUNG KIDUL,5,20,-7.9930685,110.2704459,0.6121905790022689,62.0,71.0,23.52,25.06,29.77,29.53,1012.0,3.99,211.0
2024,KAB GUNUNG KIDUL,6,23,-7.9930685,110.2704459,0.5528311233869233,62.0,72.0,8.42,25.06,29.36,29.32,1012.0,4.88,256.0
2024,KAB GUNUNG KIDUL,7,55,-7.9930685,110.2704459,0.6286042481526835,76.0,67.0,0.0,24.95,29.98,29.98,1012.0,3.86,227.0
2024,KAB GUNUNG KIDUL,8,45,-7.9930685,110.2704459,0.6541099399069781,66.0,66.0,0.12,25.12,30.49,30.49,1011.0,3.94,187.0
2024,KAB GUNUNG KIDUL,9,35,-7.9930685,110.2704459,0.6384112638846542,98.0,75.0,16.31,23.96,29.8,28.74,1009.0,3.66,233.0
2024,KAB GUNUNG KIDUL,10,66,-7.9930685,110.2704459,0.6888013919297511,99.0,74.0,38.33,25.45,29.35,29.32,1010.0,3.34,242.0
2024,KAB GUNUNG KIDUL,11,59,-7.9930685,110.2704459,0.6197687166458372,100.0,74.0,11.77,24.43,27.93,27.93,1009.0,2.99,285.0
2024,KAB GUNUNG KIDUL,12,61,-7.9930685,110.2704459,0.6375728872087865,67.0,72.0,0.0,24.61,29.34,29.34,1009.0,7.28,252.0
2024,KAB GUNUNG KIDUL,13,36,-7.9930685,110.2704459,0.6892444954091241,92.0,67.0,0.24,25.34,30.31,30.21,1010.0,4.54,163.0
2024,KAB GUNUNG KIDUL,14,14,-7.9930685,110.2704459,0.5534253875001278,100.0,63.0,0.0,26.24,29.89,29.86,1012.0,4.39,152.0
2024,KAB GUNUNG KIDUL,15,42,-7.9930685,110.2704459,0.6124194052533185,46.0,68.0,4.39,24.21,30.46,30.46,1006.0,4.21,229.0
2024,KAB GUNUNG KIDUL,16,36,-7.9930685,110.2704459,0.608484361827196,59.0,71.0,0.45,25.17,30.62,30.57,1010.0,6.06,145.0
2024,KAB GUNUNG KIDUL,17,29,-7.9930685,110.2704459,0.6132857845097021,100.0,72.0,9.21,24.83,30.4,30.4,1008.0,5.91,146.0
2024,KAB GUNUNG KIDUL,18,37,-7.9930685,110.2704459,0.4732507163082571,88.0,75.0,0.0,25.56,29.94,29.93,1009.0,4.76,151.0
2024,KAB GUNUNG KIDUL,19,24,-7.9930685,110.2704459,0.4948946511095789,73.0,71.0,0.21,23.89,28.87,28.63,1010.0,5.48,151.0
2024,KAB GUNUNG KIDUL,20,48,-7.9930685,110.2704459,0.4147614659479119,49.0,74.0,0.0,24.4,29.56,29.13,1010.0,6.16,147.0
2024,KAB GUNUNG KIDUL,21,55,-7.9930685,110.2704459,0.4577261070479551,100.0,63.0,0.0,24.52,29.29,29.29,1008.0,7.63,136.0
2024,KAB GUNUNG KIDUL,22,36,-7.9930685,110.2704459,0.4790339101177045,73.0,71.0,0.0,24.47,28.97,28.82,1011.0,7.01,140.0
2024,KAB GUNUNG KIDUL,23,47,-7.9930685,110.2704459,0.4285583576795462,72.0,75.0,0.0,24.6,28.95,28.91,1011.0,5.78,146.0
2024,KAB GUNUNG KIDUL,24,35,-7.9930685,110.2704459,0.4408788787375719,85.0,76.0,0.0,24.42,28.8,28.66,1011.0,5.64,147.0
2024,KAB GUNUNG KIDUL,25,45,-7.9930685,110.2704459,0.4616738325555575,36.0,65.0,0.0,23.49,29.53,29.53,1010.0,5.54,160.0
2024,KAB GUNUNG KIDUL,26,30,-7.9930685,110.2704459,0.4357361202697099,85.0,72.0,0.0,22.74,28.17,27.95,1011.0,8.28,135.0
2024,KAB GUNUNG KIDUL,27,28,-7.9930685,110.2704459,0.4773456486121835,61.0,70.0,0.0,24.17,29.0,28.78,1011.0,6.47,150.0
2024,KAB GUNUNG KIDUL,28,39,-7.9930685,110.2704459,0.5076183304473207,89.0,69.0,0.0,23.61,28.97,28.9,1010.0,5.97,142.0
2024,KAB GUNUNG KIDUL,29,50,-7.9930685,110.2704459,0.3995524709021867,14.0,55.0,0.0,22.43,27.94,27.87,1010.0,8.54,137.0
2024,KAB GUNUNG KIDUL,30,25,-7.9930685,110.2704459,0.44028261209605596,5.0,59.0,0.0,21.76,28.29,28.21,1013.0,7.18,148.0
2024,KAB GUNUNG KIDUL,31,16,-7.9930685,110.2704459,0.416247357679839,51.0,66.0,0.0,22.62,28.06,27.93,1012.0,7.77,147.0
2024,KAB GUNUNG KIDUL,32,14,-7.9930685,110.2704459,0.4440168444731915,20.0,67.0,0.0,22.86,28.05,28.05,1013.0,5.84,153.0
2024,KAB GUNUNG KIDUL,33,17,-7.9930685,110.2704459,0.4496703557844697,36.0,59.0,0.0,21.67,27.81,27.78,1011.0,8.65,145.0
2024,KAB GUNUNG KIDUL,34,18,-7.9930685,110.2704459,0.39446384671608203,4.0,63.0,0.0,21.31,30.48,27.41,1011.0,6.81,152.0
2024,KAB GUNUNG KIDUL,35,15,-7.9930685,110.2704459,0.4612369013275905,48.0,67.0,0.0,22.12,27.53,27.15,1012.0,7.73,152.0
2024,KAB GUNUNG KIDUL,36,9,-7.9930685,110.2704459,0.5053216013791404,90.0,68.0,0.0,22.2,27.77,27.42,1011.0,5.75,156.0
2024,KAB GUNUNG KIDUL,37,12,-7.9930685,110.2704459,0.5273771537742846,56.0,74.0,1.46,24.29,28.13,28.02,1012.0,6.95,149.0
2024,KAB GUNUNG KIDUL,38,6,-7.9930685,110.2704459,0.4193980254566208,5.0,58.0,0.0,23.46,35.48,28.82,1009.0,7.42,156.0
2024,KAB GUNUNG KIDUL,39,6,-7.9930685,110.2704459,0.36829991818249264,99.0,64.0,0.0,23.18,37.15,30.05,1009.0,5.71,175.0
2024,KAB GUNUNG KIDUL,40,13,-7.9930685,110.2704459,0.45334825177571736,55.0,64.0,0.0,25.3,31.36,30.54,1009.0,8.23,152.0
2024,KAB GUNUNG KIDUL,41,16,-7.9930685,110.2704459,0.5101136557187947,56.0,65.0,0.0,24.38,29.97,29.97,1010.0,7.4,150.0
2024,KAB GUNUNG KIDUL,42,13,-7.9930685,110.2704459,0.4475172384555971,83.0,60.0,0.0,25.03,31.55,31.1,1008.0,8.81,154.0
2024,KAB GUNUNG KIDUL,43,8,-7.9930685,110.2704459,0.4666712842769399,100.0,75.0,0.4,23.62,27.91,27.48,1013.0,4.22,144.0
2024,KAB GUNUNG KIDUL,44,22,-7.9930685,110.2704459,0.45950762282363383,44.0,56.0,0.0,25.1,30.66,30.66,1009.0,6.24,171.0
2024,KAB GUNUNG KIDUL,45,28,-7.9930685,110.2704459,0.6557565485349051,99.0,67.0,13.7,24.7,34.37,34.37,1010.0,3.38,172.0
2024,KAB GUNUNG KIDUL,46,32,-7.9930685,110.2704459,0.6337336800641845,95.0,70.0,18.6,25.29,30.05,30.01,1009.0,4.6,160.0
2024,KAB GUNUNG KIDUL,47,23,-7.9930685,110.2704459,0.6350205377597303,71.0,68.0,13.46,25.11,31.33,30.37,1006.0,4.84,188.0
2024,KAB GUNUNG KIDUL,48,36,-7.9930685,110.2704459,0.7381455650933377,100.0,72.0,16.84,25.03,29.26,29.22,1008.0,3.65,232.0
2024,KAB GUNUNG KIDUL,49,45,-7.9930685,110.2704459,0.7095242524434862,100.0,71.0,6.11,25.1,29.84,29.5,1007.0,4.99,261.0
2024,KAB GUNUNG KIDUL,50,46,-7.9930685,110.2704459,0.6880995174467278,99.0,72.0,5.31,25.39,29.32,29.22,1006.0,3.55,199.0
2024,KAB GUNUNG KIDUL,51,42,-7.9930685,110.2704459,0.7540235601160068,100.0,81.0,104.25,23.79,28.21,26.78,1009.0,4.52,283.0
2024,KAB GUNUNG KIDUL,52,0,-7.9930685,110.2704459,0.6910691433847427,63.0,71.0,32.93,25.29,30.96,30.01,1008.0,3.87,184.0
2024,KAB KULON PROGO,1,8,-7.8124619,109.9789867,0.6876839922617409,100.0,74.0,31.97,24.91,30.31,30.0,1010.0,3.58,151.0
2024,KAB KULON PROGO,2,7,-7.8124619,109.9789867,0.6611221317949895,100.0,75.0,20.17,24.28,30.48,28.75,1011.0,2.76,170.0
2024,KAB KULON PROGO,3,13,-7.8124619,109.9789867,0.6792854739449143,38.0,56.0,0.0,24.75,32.05,31.99,1009.0,3.95,206.0
2024,KAB KULON PROGO,4,14,-7.8124619,109.9789867,0.68776515470389,92.0,71.0,0.42,23.84,29.57,29.57,1010.0,4.41,259.0
2024,KAB KULON PROGO,5,7,-7.8124619,109.9789867,0.7588429956823302,29.0,70.0,6.11,24.83,30.8,30.48,1012.0,3.04,216.0
2024,KAB KULON PROGO,6,16,-7.8124619,109.9789867,0.7064402365271163,67.0,71.0,21.78,24.28,29.91,29.77,1012.0,4.25,228.0
2024,KAB KULON PROGO,7,27,-7.8124619,109.9789867,0.7009152767401002,82.0,64.0,0.42,24.86,30.89,30.89,1012.0,3.93,228.0
2024,KAB KULON PROGO,8,16,-7.8124619,109.9789867,0.6548906381991519,52.0,59.0,0.18,24.73,32.01,32.01,1011.0,3.67,196.0
2024,KAB KULON PROGO,9,19,-7.8124619,109.9789867,0.5648170295577087,94.0,74.0,18.8,24.45,29.92,29.43,1010.0,3.18,246.0
2024,KAB KULON PROGO,10,22,-7.8124619,109.9789867,0.6691479673883022,98.0,76.0,7.34,25.54,30.42,29.47,1010.0,3.0,217.0
2024,KAB KULON PROGO,11,24,-7.8124619,109.9789867,0.6431800736387376,100.0,75.0,7.42,24.32,28.34,28.13,1009.0,1.53,54.0
2024,KAB KULON PROGO,12,29,-7.8124619,109.9789867,0.6468653420484604,75.0,70.0,0.0,24.63,30.0,30.0,1009.0,5.69,245.0
2024,KAB KULON PROGO,13,30,-7.8124619,109.9789867,0.562942474786539,99.0,61.0,0.0,24.86,31.65,31.65,1010.0,3.72,179.0
2024,KAB KULON PROGO,14,30,-7.8124619,109.9789867,0.6705748210374896,100.0,61.0,0.0,25.5,31.09,31.09,1012.0,3.61,163.0
2024,KAB KULON PROGO,15,31,-7.8124619,109.9789867,0.7133037039488066,58.0,60.0,0.95,24.05,31.95,31.95,1007.0,4.34,224.0
2024,KAB KULON PROGO,16,37,-7.8124619,109.9789867,0.5478663219407881,75.0,74.0,4.42,25.02,30.97,30.19,1010.0,3.29,136.0
2024,KAB KULON PROGO,17,32,-7.8124619,109.9789867,0.6072225584962683,98.0,72.0,5.93,25.21,31.22,30.78,1008.0,3.27,182.0
2024,KAB KULON PROGO,18,30,-7.8124619,109.9789867,0.4681657221816119,80.0,71.0,2.47,25.13,31.3,30.83,1009.0,3.43,174.0
2024,KAB KULON PROGO,19,52,-7.8124619,109.9789867,0.4153218253834979,68.0,66.0,0.0,23.73,30.27,29.79,1010.0,4.26,162.0
2024,KAB KULON PROGO,20,43,-7.8124619,109.9789867,0.4733319975914142,60.0,67.0,0.0,24.58,30.85,30.69,1010.0,3.64,173.0
2024,KAB KULON PROGO,21,60,-7.8124619,109.9789867,0.43862820139833836,97.0,57.0,0.0,23.71,31.08,30.9,1008.0,5.67,152.0
2024,KAB KULON PROGO,22,68,-7.8124619,109.9789867,0.3974186997937287,89.0,62.0,0.0,23.79,30.44,30.42,1011.0,4.86,153.0
2024,KAB KULON PROGO,23,60,-7.8124619,109.9789867,0.4122110120001795,80.0,77.0,0.99,24.64,29.32,29.29,1011.0,3.4,149.0
2024,KAB KULON PROGO,24,46,-7.8124619,109.9789867,0.5280020656868497,52.0,69.0,0.0,24.48,30.48,30.31,1011.0,3.8,146.0
2024,KAB KULON PROGO,25,60,-7.8124619,109.9789867,0.4028166890547085,18.0,60.0,0.0,23.48,30.98,30.98,1010.0,4.1,180.0
2024,KAB KULON PROGO,26,56,-7.8124619,109.9789867,0.4902226534447041,90.0,71.0,0.0,21.77,28.66,28.15,1011.0,5.55,142.0
2024,KAB KULON PROGO,27,45,-7.8124619,109.9789867,0.39922574052800325,84.0,69.0,0.0,23.63,29.87,29.46,1011.0,4.44,157.0
2024,KAB KULON PROGO,28,37,-7.8124619,109.9789867,0.4497249678473233,89.0,69.0,0.0,23.24,29.17,28.88,1010.0,2.86,187.0
2024,KAB KULON PROGO,29,35,-7.8124619,109.9789867,0.4564757448998126,34.0,50.0,0.0,20.21,28.99,28.89,1010.0,6.28,148.0
2024,KAB KULON PROGO,30,31,-7.8124619,109.9789867,0.42408353642202046,10.0,53.0,0.0,21.15,29.99,29.99,1012.0,5.94,162.0
2024,KAB KULON PROGO,31,33,-7.8124619,109.9789867,0.5162600021305016,68.0,61.0,0.0,20.28,31.39,29.02,1012.0,5.71,154.0
2024,KAB KULON PROGO,32,26,-7.8124619,109.9789867,0.4011634212511968,42.0,63.0,0.0,22.5,30.83,30.83,1013.0,4.79,154.0
2024,KAB KULON PROGO,33,26,-7.8124619,109.9789867,0.5761647795602763,27.0,50.0,0.0,20.81,30.83,29.61,1011.0,7.01,153.0
2024,KAB KULON PROGO,34,28,-7.8124619,109.9789867,0.48299742121653716,0.0,52.0,0.0,21.71,31.94,30.1,1011.0,5.97,167.0
2024,KAB KULON PROGO,35,28,-7.8124619,109.9789867,0.42525572648522775,82.0,63.0,0.0,23.61,32.5,32.5,1012.0,5.74,153.0
2024,KAB KULON PROGO,36,27,-7.8124619,109.9789867,0.4360022706494396,87.0,63.0,0.0,21.7,34.17,33.61,1011.0,4.98,162.0
2024,KAB KULON PROGO,37,29,-7.8124619,109.9789867,0.4246153326643997,72.0,71.0,1.94,24.66,30.28,29.17,1012.0,4.97,149.0
2024,KAB KULON PROGO,38,45,-7.8124619,109.9789867,0.5070899291622042,16.0,47.0,0.0,22.86,31.15,31.06,1009.0,5.92,161.0
2024,KAB KULON PROGO,39,39,-7.8124619,109.9789867,0.40533640236118607,91.0,53.0,0.0,24.72,34.17,34.17,1009.0,4.95,193.0
2024,KAB KULON PROGO,40,36,-7.8124619,109.9789867,0.47667756083631707,62.0,56.0,0.0,25.37,33.05,32.5,1009.0,5.55,166.0
2024,KAB KULON PROGO,41,39,-7.8124619,109.9789867,0.49912549457398675,61.0,58.0,0.0,24.72,32.5,31.94,1010.0,5.35,170.0
2024,KAB KULON PROGO,42,38,-7.8124619,109.9789867,0.46091136914717395,69.0,49.0,0.0,25.82,33.56,33.56,1008.0,6.63,165.0
2024,KAB KULON PROGO,43,48,-7.8124619,109.9789867,0.45545672331864573,94.0,76.0,0.34,23.61,29.17,28.61,1013.0,3.61,204.0
2024,KAB KULON PROGO,44,42,-7.8124619,109.9789867,0.4021563830401249,77.0,51.0,0.0,23.05,33.61,33.05,1009.0,5.53,185.0
2024,KAB KULON PROGO,45,39,-7.8124619,109.9789867,0.7728747670126035,100.0,70.0,20.03,26.39,31.39,31.39,1010.0,3.15,96.0
2024,KAB KULON PROGO,46,37,-7.8124619,109.9789867,0.5799680013329327,84.0,68.0,46.46,25.29,30.71,30.54,1009.0,3.5,179.0
2024,KAB KULON PROGO,47,44,-7.8124619,109.9789867,0.5605643758284946,68.0,70.0,7.43,26.94,33.61,33.61,1006.0,2.96,197.0
2024,KAB KULON PROGO,48,51,-7.8124619,109.9789867,0.616175506959083,100.0,73.0,20.17,25.28,30.83,30.28,1008.0,3.58,235.0
2024,KAB KULON PROGO,49,40,-7.8124619,109.9789867,0.6844200961103164,100.0,73.0,5.85,25.1,33.05,29.08,1007.0,3.88,240.0
2024,KAB KULON PROGO,50,68,-7.8124619,109.9789867,0.6669771984933291,98.0,68.0,33.45,25.96,33.05,33.05,1006.0,4.2,191.0
2024,KAB KULON PROGO,51,85,-7.8124619,109.9789867,0.6474230370417837,100.0,75.0,28.98,24.33,30.83,30.28,1009.0,2.64,267.0
2024,KAB KULON PROGO,52,0,-7.8124619,109.9789867,0.5745283238878935,70.0,69.0,46.01,27.5,31.94,31.94,1008.0,3.44,194.0
2024,KAB SLEMAN,1,5,-7.689718,110.3812751,0.642553727882162,90.0,72.0,22.84,23.73,29.5,29.5,1010.0,3.22,177.0
2024,KAB SLEMAN,2,15,-7.689718,110.3812751,0.6792731265261461,100.0,69.0,24.81,22.92,30.06,29.58,1011.0,1.88,353.0
2024,KAB SLEMAN,3,33,-7.689718,110.3812751,0.5963860209674788,57.0,52.0,0.0,23.14,32.11,31.76,1009.0,4.31,197.0
2024,KAB SLEMAN,4,36,-7.689718,110.3812751,0.6118008580650651,89.0,63.0,0.0,22.6,30.33,30.33,1010.0,5.39,249.0
2024,KAB SLEMAN,5,19,-7.689718,110.3812751,0.6706237057417967,42.0,69.0,10.8,23.65,30.55,29.83,1012.0,3.14,218.0
2024,KAB SLEMAN,6,24,-7.689718,110.3812751,0.5600764171003663,57.0,67.0,17.98,23.35,30.06,29.77,1012.0,4.17,242.0
2024,KAB SLEMAN,7,35,-7.689718,110.3812751,0.6102868327974849,92.0,61.0,0.0,23.57,30.59,30.59,1012.0,3.6,218.0
2024,KAB SLEMAN,8,36,-7.689718,110.3812751,0.6037209085711936,71.0,56.0,0.0,23.34,31.79,31.79,1011.0,4.24,196.0
2024,KAB SLEMAN,9,30,-7.689718,110.3812751,0.6142653681352658,95.0,72.0,22.79,23.36,29.56,29.34,1010.0,2.38,222.0
2024,KAB SLEMAN,10,30,-7.689718,110.3812751,0.6538410569509777,100.0,77.0,12.76,23.94,29.01,28.65,1010.0,2.52,240.0
2024,KAB SLEMAN,11,33,-7.689718,110.3812751,0.81789329652065,100.0,73.0,21.67,23.05,27.79,27.5,1009.0,1.67,58.0
2024,KAB SLEMAN,12,34,-7.689718,110.3812751,0.6770689161459624,72.0,66.0,0.0,22.9,30.21,29.77,1009.0,5.27,242.0
2024,KAB SLEMAN,13,40,-7.689718,110.3812751,0.654963958140901,99.0,60.0,2.73,23.72,31.01,31.01,1010.0,3.12,187.0
2024,KAB SLEMAN,14,25,-7.689718,110.3812751,0.6198336198857473,100.0,63.0,0.0,23.98,29.91,29.91,1012.0,3.3,182.0
2024,KAB SLEMAN,15,56,-7.689718,110.3812751,0.5473121406244936,59.0,55.0,15.45,22.42,32.1,32.1,1006.0,4.13,209.0
2024,KAB SLEMAN,16,61,-7.689718,110.3812751,0.6141392756792067,46.0,66.0,5.41,23.69,31.0,30.69,1010.0,2.42,185.0
2024,KAB SLEMAN,17,77,-7.689718,110.3812751,0.669226299015179,98.0,64.0,13.52,23.19,31.31,31.31,1008.0,3.05,189.0
2024,KAB SLEMAN,18,44,-7.689718,110.3812751,0.4494135266204904,93.0,65.0,5.17,23.64,30.97,30.97,1009.0,2.47,204.0
2024,KAB SLEMAN,19,70,-7.689718,110.3812751,0.4016473498636717,86.0,61.0,0.0,22.13,29.9,29.6,1010.0,3.99,176.0
2024,KAB SLEMAN,20,67,-7.689718,110.3812751,0.4857073726790389,41.0,60.0,0.0,22.96,31.16,31.09,1010.0,2.01,177.0
2024,KAB SLEMAN,21,69,-7.689718,110.3812751,0.461163347080458,100.0,57.0,0.0,22.06,30.41,29.91,1008.0,4.19,156.0
2024,KAB SLEMAN,22,53,-7.689718,110.3812751,0.4742913763124212,75.0,60.0,0.0,22.44,30.38,30.12,1011.0,3.65,172.0
2024,KAB SLEMAN,23,47,-7.689718,110.3812751,0.4065835026416209,77.0,72.0,1.0,23.16,29.1,29.1,1011.0,2.99,188.0
2024,KAB SLEMAN,24,35,-7.689718,110.3812751,0.3588470771844802,90.0,68.0,0.0,22.89,29.47,29.47,1011.0,2.84,181.0
2024,KAB SLEMAN,25,45,-7.689718,110.3812751,0.4757925234564559,45.0,57.0,0.0,21.89,30.87,30.56,1010.0,4.38,197.0
2024,KAB SLEMAN,26,50,-7.689718,110.3812751,0.4646948646540809,79.0,68.0,0.0,20.5,28.29,27.74,1011.0,4.64,150.0
2024,KAB SLEMAN,27,45,-7.689718,110.3812751,0.35652752856817027,86.0,62.0,0.0,22.3,30.58,29.55,1011.0,3.88,193.0
2024,KAB SLEMAN,28,43,-7.689718,110.3812751,0.5054462068636681,99.0,67.0,0.0,21.95,29.81,28.21,1010.0,1.97,78.0
2024,KAB SLEMAN,29,43,-7.689718,110.3812751,0.43874607342266303,21.0,47.0,0.0,18.27,28.98,28.58,1010.0,5.3,150.0
2024,KAB SLEMAN,30,39,-7.689718,110.3812751,0.5332851798055416,5.0,48.0,0.0,19.88,30.44,30.0,1012.0,5.27,175.0
2024,KAB SLEMAN,31,42,-7.689718,110.3812751,0.4422369956272738,66.0,55.0,0.0,19.09,30.2,29.44,1012.0,5.14,173.0
2024,KAB SLEMAN,32,27,-7.689718,110.3812751,0.428826674559953,25.0,55.0,0.0,21.31,29.64,29.64,1013.0,4.74,169.0
2024,KAB SLEMAN,33,20,-7.689718,110.3812751,0.4207097688901681,20.0,40.0,0.0,19.29,30.62,30.62,1010.0,6.46,160.0
2024,KAB SLEMAN,34,21,-7.689718,110.3812751,0.3669014919553974,1.0,44.0,0.0,20.61,31.31,31.31,1011.0,5.79,177.0
2024,KAB SLEMAN,35,22,-7.689718,110.3812751,0.34622833882965187,76.0,55.0,0.0,22.21,31.31,31.31,1012.0,5.88,175.0
2024,KAB SLEMAN,36,20,-7.689718,110.3812751,0.43210701719557026,94.0,59.0,0.0,20.34,32.98,32.42,1011.0,4.24,177.0
2024,KAB SLEMAN,37,16,-7.689718,110.3812751,0.3872915915727035,77.0,65.0,0.98,23.21,29.09,27.98,1012.0,3.9,175.0
2024,KAB SLEMAN,38,22,-7.689718,110.3812751,0.43078857720230757,11.0,36.0,0.0,21.75,34.38,32.41,1009.0,6.26,182.0
2024,KAB SLEMAN,39,17,-7.689718,110.3812751,0.4155377158042208,99.0,43.0,0.0,23.37,36.05,32.98,1008.0,4.37,202.0
2024,KAB SLEMAN,40,35,-7.689718,110.3812751,0.42648064274097497,44.0,48.0,0.0,24.39,31.86,31.31,1009.0,5.08,184.0
2024,KAB SLEMAN,41,19,-7.689718,110.3812751,0.5193799145858051,47.0,47.0,0.0,23.53,31.31,30.75,1009.0,4.83,180.0
2024,KAB SLEMAN,42,18,-7.689718,110.3812751,0.39041359524136576,77.0,38.0,0.0,24.45,35.08,35.08,1008.0,6.12,182.0
2024,KAB SLEMAN,43,28,-7.689718,110.3812751,0.43544881299266763,97.0,76.0,2.42,22.42,27.98,27.42,1013.0,3.65,228.0
2024,KAB SLEMAN,44,55,-7.689718,110.3812751,0.36338545695042834,47.0,42.0,0.0,21.86,32.42,31.86,1008.0,6.4,186.0
2024,KAB SLEMAN,45,21,-7.689718,110.3812751,0.6683054662355982,94.0,54.0,7.67,25.2,33.27,33.27,1010.0,3.2,266.0
2024,KAB SLEMAN,46,45,-7.689718,110.3812751,0.6043264932676489,91.0,67.0,24.05,23.81,30.59,29.99,1010.0,2.58,185.0
2024,KAB SLEMAN,47,26,-7.689718,110.3812751,0.6263282654695064,56.0,57.0,4.24,25.75,32.42,32.42,1006.0,2.75,95.0
2024,KAB SLEMAN,48,34,-7.689718,110.3812751,0.6036490755475323,100.0,73.0,15.94,24.09,29.64,29.09,1008.0,3.53,222.0
2024,KAB SLEMAN,49,36,-7.689718,110.3812751,0.6339366470965039,100.0,63.0,4.53,23.42,31.86,29.83,1007.0,4.82,233.0
2024,KAB SLEMAN,50,53,-7.689718,110.3812751,0.7349941816156041,96.0,67.0,34.37,24.07,31.86,31.86,1007.0,3.19,214.0
2024,KAB SLEMAN,51,58,-7.689718,110.3812751,0.5717036525683331,99.0,77.0,33.39,23.92,29.64,29.09,1009.0,2.5,258.0
2024,KAB SLEMAN,52,0,-7.689718,110.3812751,0.562706273000455,65.0,71.0,37.63,26.31,30.75,30.75,1009.0,2.64,194.0
2024,KOTA YOGYAKARTA,1,0,-7.8239138,110.3479391,0.6741396972444136,93.0,72.0,16.32,24.47,29.81,29.81,1010.0,4.02,166.0
2024,KOTA YOGYAKARTA,2,0,-7.8239138,110.3479391,0.5728859677805864,100.0,71.0,17.97,23.63,30.53,27.97,1010.0,2.52,185.0
2024,KOTA YOGYAKARTA,3,3,-7.8239138,110.3479391,0.603108217601996,64.0,55.0,0.12,24.33,31.89,31.6,1009.0,4.41,202.0
2024,KOTA YOGYAKARTA,4,4,-7.8239138,110.3479391,0.6232958358855031,90.0,66.0,0.12,23.57,30.21,30.21,1010.0,6.0,255.0
2024,KOTA YOGYAKARTA,5,0,-7.8239138,110.3479391,0.6995701050162696,49.0,69.0,17.86,24.53,30.57,30.17,1011.0,3.62,216.0
2024,KOTA YOGYAKARTA,6,1,-7.8239138,110.3479391,0.6975326666058214,56.0,68.0,12.09,24.23,30.21,29.97,1012.0,4.57,248.0
2024,KOTA YOGYAKARTA,7,5,-7.8239138,110.3479391,0.7396710599489548,85.0,61.0,0.0,24.41,31.13,31.13,1012.0,3.89,222.0
2024,KOTA YOGYAKARTA,8,8,-7.8239138,110.3479391,0.5944533054593814,69.0,59.0,0.47,24.3,31.76,31.76,1011.0,4.24,193.0
2024,KOTA YOGYAKARTA,9,5,-7.8239138,110.3479391,0.7187538574372789,96.0,72.0,22.72,23.87,29.82,29.45,1009.0,2.84,236.0
2024,KOTA YOGYAKARTA,10,3,-7.8239138,110.3479391,0.6357288395846923,100.0,75.0,25.42,24.82,29.51,29.32,1010.0,2.95,242.0
2024,KOTA YOGYAKARTA,11,10,-7.8239138,110.3479391,0.6836069399253956,100.0,72.0,18.59,23.85,28.04,28.04,1009.0,1.83,58.0
2024,KOTA YOGYAKARTA,12,6,-7.8239138,110.3479391,0.6309234623323873,70.0,68.0,0.0,23.81,30.19,29.98,1008.0,6.22,248.0
2024,KOTA YOGYAKARTA,13,8,-7.8239138,110.3479391,0.6477194698367782,97.0,62.0,1.38,24.61,31.09,31.09,1010.0,3.68,177.0
2024,KOTA YOGYAKARTA,14,5,-7.8239138,110.3479391,0.666659413092238,100.0,63.0,0.0,25.18,30.21,30.16,1012.0,3.56,170.0
2024,KOTA YOGYAKARTA,15,12,-7.8239138,110.3479391,0.5789820441554948,52.0,60.0,7.54,23.39,31.92,31.92,1006.0,4.31,217.0
2024,KOTA YOGYAKARTA,16,6,-7.8239138,110.3479391,0.5413417720312111,53.0,67.0,2.86,24.53,31.14,31.05,1010.0,3.75,150.0
2024,KOTA YOGYAKARTA,17,11,-7.8239138,110.3479391,0.6931895868688734,99.0,66.0,12.05,24.05,31.38,31.38,1008.0,4.04,163.0
2024,KOTA YOGYAKARTA,18,3,-7.8239138,110.3479391,0.4596594704251243,95.0,68.0,0.23,24.66,31.04,31.04,1009.0,3.04,180.0
2024,KOTA YOGYAKARTA,19,4,-7.8239138,110.3479391,0.34832897256273376,81.0,64.0,0.0,23.23,29.82,29.59,1010.0,4.39,164.0
2024,KOTA YOGYAKARTA,20,2,-7.8239138,110.3479391,0.5480079290873033,42.0,64.0,0.0,23.79,31.03,30.73,1010.0,3.4,157.0
2024,KOTA YOGYAKARTA,21,1,-7.8239138,110.3479391,0.4233652036243823,100.0,59.0,0.0,23.16,30.32,29.99,1008.0,5.41,143.0
2024,KOTA YOGYAKARTA,22,3,-7.8239138,110.3479391,0.3938230116824627,74.0,64.0,0.11,23.43,30.27,30.03,1010.0,4.74,153.0
2024,KOTA YOGYAKARTA,23,5,-7.8239138,110.3479391,0.5138692587547071,77.0,73.0,0.0,23.92,29.28,29.28,1011.0,3.75,156.0
2024,KOTA YOGYAKARTA,24,5,-7.8239138,110.3479391,0.5236524171697823,87.0,71.0,0.0,23.68,29.53,29.53,1011.0,3.78,160.0
2024,KOTA YOGYAKARTA,25,11,-7.8239138,110.3479391,0.41405415823204395,42.0,60.0,0.0,22.75,30.65,30.57,1010.0,4.7,182.0
2024,KOTA YOGYAKARTA,26,4,-7.8239138,110.3479391,0.49626444026991084,82.0,70.0,0.0,21.65,28.46,27.98,1011.0,6.07,143.0
2024,KOTA YOGYAKARTA,27,4,-7.8239138,110.3479391,0.40407977824107405,76.0,65.0,0.0,23.31,30.41,29.65,1011.0,4.67,173.0
2024,KOTA YOGYAKARTA,28,6,-7.8239138,110.3479391,0.45045128807745877,95.0,67.0,0.0,22.82,30.05,28.74,1010.0,3.08,136.0
2024,KOTA YOGYAKARTA,29,5,-7.8239138,110.3479391,0.4866525209325447,17.0,49.0,0.0,20.13,28.93,28.7,1010.0,6.71,142.0
2024,KOTA YOGYAKARTA,30,5,-7.8239138,110.3479391,0.4482080684285034,5.0,52.0,0.0,20.84,29.99,29.7,1012.0,5.91,162.0
2024,KOTA YOGYAKARTA,31,1,-7.8239138,110.3479391,0.44056618086246613,64.0,59.0,0.0,21.65,29.29,29.08,1012.0,5.94,160.0
2024,KOTA YOGYAKARTA,32,3,-7.8239138,110.3479391,0.38877478027185713,25.0,59.0,0.0,22.19,29.46,29.46,1013.0,5.12,161.0
2024,KOTA YOGYAKARTA,33,7,-7.8239138,110.3479391,0.40478524368096275,26.0,46.0,0.0,20.56,30.0,30.0,1010.0,7.38,152.0
2024,KOTA YOGYAKARTA,34,2,-7.8239138,110.3479391,0.4032440676118533,1.0,51.0,0.0,20.75,30.14,30.09,1011.0,6.0,166.0
2024,KOTA YOGYAKARTA,35,5,-7.8239138,110.3479391,0.4820004553410241,68.0,60.0,0.0,21.45,29.02,28.22,1012.0,6.44,162.0
2024,KOTA YOGYAKARTA,36,2,-7.8239138,110.3479391,0.4222081335619829,93.0,63.0,0.0,21.39,28.95,28.29,1011.0,4.67,164.0
2024,KOTA YOGYAKARTA,37,3,-7.8239138,110.3479391,0.448563222253096,71.0,68.0,1.82,23.41,29.47,29.15,1012.0,4.96,162.0
2024,KOTA YOGYAKARTA,38,4,-7.8239138,110.3479391,0.46873425741551233,6.0,43.0,0.0,22.4,35.14,31.57,1009.0,6.64,172.0
2024,KOTA YOGYAKARTA,39,5,-7.8239138,110.3479391,0.46495462749883565,99.0,49.0,0.0,22.52,36.81,33.1,1009.0,5.07,191.0
2024,KOTA YOGYAKARTA,40,5,-7.8239138,110.3479391,0.4884929550851437,46.0,52.0,0.0,24.38,33.22,33.12,1009.0,6.29,169.0
2024,KOTA YOGYAKARTA,41,1,-7.8239138,110.3479391,0.46379711459728024,52.0,53.0,0.0,23.79,32.61,32.61,1009.0,6.01,168.0
2024,KOTA YOGYAKARTA,42,3,-7.8239138,110.3479391,0.3949595945248236,75.0,40.0,0.0,23.9,35.15,35.05,1008.0,6.65,172.0
2024,KOTA YOGYAKARTA,43,4,-7.8239138,110.3479391,0.42658325323284557,98.0,73.0,0.88,22.97,27.68,27.68,1013.0,3.06,217.0
2024,KOTA YOGYAKARTA,44,6,-7.8239138,110.3479391,0.5037697373931115,47.0,45.0,0.0,23.73,33.4,33.38,1008.0,6.6,182.0
2024,KOTA YOGYAKARTA,45,3,-7.8239138,110.3479391,0.6353320964058222,96.0,54.0,9.82,23.93,34.03,34.03,1009.0,2.28,220.0
2024,KOTA YOGYAKARTA,46,5,-7.8239138,110.3479391,0.6566776464164099,89.0,66.0,21.78,24.46,30.96,30.62,1009.0,3.25,177.0
2024,KOTA YOGYAKARTA,47,6,-7.8239138,110.3479391,0.7022153541507365,60.0,58.0,13.75,24.46,32.49,32.49,1006.0,3.11,195.0
2024,KOTA YOGYAKARTA,48,9,-7.8239138,110.3479391,0.6114554317098597,100.0,71.0,20.78,24.15,30.08,29.58,1008.0,3.78,226.0
2024,KOTA YOGYAKARTA,49,3,-7.8239138,110.3479391,0.6676326872099696,100.0,64.0,3.47,24.12,31.07,30.29,1007.0,4.94,235.0
2024,KOTA YOGYAKARTA,50,9,-7.8239138,110.3479391,0.5717365661634943,96.0,66.0,19.0,24.47,30.49,30.49,1006.0,3.54,209.0
2024,KOTA YOGYAKARTA,51,11,-7.8239138,110.3479391,0.7344773550334724,100.0,80.0,77.8,23.36,28.34,26.73,1009.0,2.81,260.0
2024,KOTA YOGYAKARTA,52,0,-7.8239138,110.3479391,0.6447905880234364,64.0,69.0,41.72,24.31,31.59,30.25,1008.0,3.28,188.0
