Year,Region,Month,Cases,Latitude,Longitude,NDVI,Cloud_Cover,Humidity,Precipitation_Total,Temperature_Min,Temperature_Max,Temperature_Avg,Pressure,Wind_Speed,Wind_Direction
2021,KAB GUNUNG KIDUL,1,0,-7.9930685,110.2704459,0.639066171,89.5,68,32.93,24.635,29.87,29.4425,1007.75,4.3825,239.75
2021,KAB GUNUNG KIDUL,2,0,-7.9930685,110.2704459,0.648616431,72.25,65.5,38.8925,24.305,30.61,30.18,1009,4.5575,213
2021,KAB GUNUNG KIDUL,3,4,-7.9930685,110.2704459,0.632551593,64.2,62,10.488,24.588,30.668,30.578,1008.4,4.384,223
2021,KAB GUNUNG KIDUL,4,2,-7.9930685,110.2704459,0.625002872,58,66.75,2.33,24.3025,30.1275,29.9025,1009.75,4.47,165
2021,KAB GUNUNG KIDUL,5,4,-7.9930685,110.2704459,0.440466984,51.2,64.2,0.124,22.216,29.784,29.726,1009,5.606,150
2021,KAB GUNUNG KIDUL,6,2,-7.9930685,110.2704459,0.44501996,57.25,69.25,7.525,13.0575,29.2925,29.2575,1010.5,4.5325,162.5
2021,KAB GUNUNG KIDUL,7,1,-7.9930685,110.2704459,0.45390862,60.25,62.25,0.0625,17.5375,27.545,24.98,1010.25,6.4675,133.75
2021,KAB GUNUNG KIDUL,8,1,-7.9930685,110.2704459,0.441543523,59.6,67.8,0.12,23.658,28.854,28.656,1010.6,7.318,146.4
2021,KAB GUNUNG KIDUL,9,3,-7.9930685,110.2704459,0.452673176,82.25,70.75,1.7325,23.9225,28.4075,27.725,1009.75,7.365,148
2021,KAB GUNUNG KIDUL,10,6,-7.9930685,110.2704459,0.442105837,69,63.5,5.3025,17.1125,29.2725,27.325,1010,6.0375,164
2021,KAB GUNUNG KIDUL,11,33,-7.9930685,110.2704459,0.66791327,97,75.6,15.156,19.738,28.004,25.316,1008.6,3.864,244.4
2021,KAB GUNUNG KIDUL,12,33,-7.9930685,110.2704459,0.679106009,87.25,69.75,5.125,19.0625,29.5325,27.41,1009.75,4.36,242.25
2022,KAB GUNUNG KIDUL,1,50,-7.9930685,110.2704459,0.656731023,80.6,68.8,5.59,19.286,29.028,28.27,1008.8,4.48,238.4
2022,KAB GUNUNG KIDUL,2,15,-7.9930685,110.2704459,0.606635868,88.5,69.5,20.3175,18.1875,29.09,26.93,1007.5,3.4975,240.25
2022,KAB GUNUNG KIDUL,3,13,-7.9930685,110.2704459,0.650272828,74,70,4.725,24.0675,30.8925,30.755,1008,4.3325,215.75
2022,KAB GUNUNG KIDUL,4,12,-7.9930685,110.2704459,0.623165544,70.25,69,2.6575,24.4725,29.985,29.785,1008.25,4.015,182
2022,KAB GUNUNG KIDUL,5,31,-7.9930685,110.2704459,0.440935396,85.8,65.8,3.212,24.578,30.436,30.334,1008.2,3.388,172
2022,KAB GUNUNG KIDUL,6,24,-7.9930685,110.2704459,0.451549314,71.75,71.5,4.485,24.1275,29.12,28.8575,1009.5,5.0325,157
2022,KAB GUNUNG KIDUL,7,9,-7.9930685,110.2704459,0.470593483,68.75,69.75,0.2125,23.5125,28.17,28,1009.5,5.9275,140.5
2022,KAB GUNUNG KIDUL,8,13,-7.9930685,110.2704459,0.429953928,91.4,70.6,4.666,23.562,27.588,27.188,1010,5.688,150
2022,KAB GUNUNG KIDUL,9,9,-7.9930685,110.2704459,0.472099876,76.5,70.5,2.1325,23.83,28.06,27.9625,1011,5.91,153
2022,KAB GUNUNG KIDUL,10,12,-7.9930685,110.2704459,0.479735418,94.4,71.2,5.218,24.556,28.18,28.13,1010.2,4.542,181.2
2022,KAB GUNUNG KIDUL,11,9,-7.9930685,110.2704459,0.653917284,84.5,76.25,13.4025,24.1225,28.37,27.8,1009,4.7775,188.75
2022,KAB GUNUNG KIDUL,12,3,-7.9930685,110.2704459,0.692697468,69.75,73.25,5.6875,24.3325,28.225,27.91,1008,4.06,206.25
2023,KAB GUNUNG KIDUL,1,11,-7.9930685,110.2704459,0.654248061,66.8,71.2,5.12,24.24,28.78,28.55,1008.6,4.704,234.4
2023,KAB GUNUNG KIDUL,2,8,-7.9930685,110.2704459,0.611933973,68.75,70,19.59,23.965,29.6625,28.9175,1008.75,6.1325,271
2023,KAB GUNUNG KIDUL,3,2,-7.9930685,110.2704459,0.646138565,50.5,64.5,4.37,24.3525,30.1225,30.11,1009.5,4.7325,204.75
2023,KAB GUNUNG KIDUL,4,10,-7.9930685,110.2704459,0.615893413,65,68.75,2.56,24.0675,29.695,29.415,1008.75,4.1375,209
2023,KAB GUNUNG KIDUL,5,13,-7.9930685,110.2704459,0.450783745,53.4,66.2,0.598,23.7,29.3,29.242,1009.8,6.006,154.8
2023,KAB GUNUNG KIDUL,6,2,-7.9930685,110.2704459,0.452536245,51.5,69,0,23.695,28.7525,28.68,1010,5.195,167
2023,KAB GUNUNG KIDUL,7,12,-7.9930685,110.2704459,0.452107036,59,67.8,0.034,22.738,27.574,27.392,1012,7.16,144.6
2023,KAB GUNUNG KIDUL,8,8,-7.9930685,110.2704459,0.426099601,35.75,63.25,0,21.2125,27.8325,27.59,1012.25,6.625,154.5
2023,KAB GUNUNG KIDUL,9,8,-7.9930685,110.2704459,0.47833342,41.5,58.75,0,21.13,27.885,27.8525,1011.75,7.43,157
2023,KAB GUNUNG KIDUL,10,6,-7.9930685,110.2704459,0.48919007,39,57.2,0,22.716,30.35,30.306,1011.2,7.452,165
2023,KAB GUNUNG KIDUL,11,7,-7.9930685,110.2704459,0.646004597,65.75,64.25,0.52,24.8775,29.755,29.32,1010.75,5.255,166.75
2023,KAB GUNUNG KIDUL,12,8,-7.9930685,110.2704459,0.722448224,88.5,61.75,2.275,25.02,30.385,29.755,1010,4.825,180
2024,KAB GUNUNG KIDUL,1,89,-7.9930685,110.2704459,0.645017671,84.4,69.4,10.816,24.856,29.816,29.404,1010.2,4.78,199.4
2024,KAB GUNUNG KIDUL,2,158,-7.9930685,110.2704459,0.618489144,75.5,70,6.2125,24.7725,29.9075,29.6325,1011,4.085,225.75
2024,KAB GUNUNG KIDUL,3,222,-7.9930685,110.2704459,0.658846873,89.5,71.75,12.585,24.9575,29.2325,29.2,1009.5,4.5375,235.5
2024,KAB GUNUNG KIDUL,4,158,-7.9930685,110.2704459,0.572173131,78.6,69.8,2.81,25.202,30.262,30.244,1009,5.066,164.6
2024,KAB GUNUNG KIDUL,5,163,-7.9930685,110.2704459,0.461604034,73.75,69.75,0.0525,24.32,29.1725,28.9675,1009.75,6.57,143.5
2024,KAB GUNUNG KIDUL,6,157,-7.9930685,110.2704459,0.441711798,69.5,72,0,23.8125,28.8625,28.7625,1010.75,6.31,147
2024,KAB GUNUNG KIDUL,7,158,-7.9930685,110.2704459,0.448209284,44,63.8,0,22.918,28.452,28.338,1011.2,7.186,144.8
2024,KAB GUNUNG KIDUL,8,64,-7.9930685,110.2704459,0.437346987,27,64,0,21.99,28.4675,27.5975,1011.75,7.2575,150.5
2024,KAB GUNUNG KIDUL,9,46,-7.9930685,110.2704459,0.45474899,61,65.6,0.292,23.686,31.978,28.97,1010,6.812,157.6
2024,KAB GUNUNG KIDUL,10,59,-7.9930685,110.2704459,0.47095245,70.75,64,0.1,24.5325,30.0225,29.8025,1010,6.6675,154.75
2024,KAB GUNUNG KIDUL,11,119,-7.9930685,110.2704459,0.665664083,91.25,69.25,15.65,25.0325,31.2525,30.9925,1008.25,4.1175,188
2024,KAB GUNUNG KIDUL,12,133,-7.9930685,110.2704459,0.710679118,90.5,73.75,37.15,24.8925,29.5825,28.8775,1007.5,4.2325,231.75
2021,KAB SLEMAN,1,16,-7.689718,110.3812751,0.660930816,91.75,64.5,27.42,23.1,30.285,29.875,1007.75,3.41,208.25
2021,KAB SLEMAN,2,4,-7.689718,110.3812751,0.639520928,75,62,23.4625,22.705,31.255,30.8325,1009.25,3.1975,217.25
2021,KAB SLEMAN,3,29,-7.689718,110.3812751,0.608438117,68.8,60.8,14.114,22.974,31.596,30.61,1008.6,4.092,222.2
2021,KAB SLEMAN,4,74,-7.689718,110.3812751,0.692439948,55.5,56.75,5.98,22.6675,31.245,31.19,1009.75,2.885,191.25
2021,KAB SLEMAN,5,79,-7.689718,110.3812751,0.416347719,49.2,54.2,0.11,20.822,31.054,30.936,1009.2,3.164,175
2021,KAB SLEMAN,6,46,-7.689718,110.3812751,0.4569364,61.75,60.25,0.57,13.0575,30.27,30.2325,1010.75,2.775,215.5
2021,KAB SLEMAN,7,43,-7.689718,110.3812751,0.413965499,52.5,53.75,0.105,16.0525,28.2875,25.13,1010,4.4625,144.25
2021,KAB SLEMAN,8,33,-7.689718,110.3812751,0.469708226,62.6,55.6,0.55,21.906,30.35,30.134,1010.6,4.434,177.8
2021,KAB SLEMAN,9,35,-7.689718,110.3812751,0.391486654,83.75,62.5,5.03,22.18,29.5175,28.9475,1010,3.8075,178
2021,KAB SLEMAN,10,48,-7.689718,110.3812751,0.415024632,67,52.25,3.52,15.87,31.355,28.3225,1009.25,5.105,190.75
2021,KAB SLEMAN,11,56,-7.689718,110.3812751,0.635386649,96.8,73.2,18.076,18.434,27.774,24.842,1008.6,2.382,233.6
2021,KAB SLEMAN,12,28,-7.689718,110.3812751,0.61706012,84.5,59.5,8.705,17.75,30.6,27.47,1009.5,3.9425,216.25
2022,KAB SLEMAN,1,81,-7.689718,110.3812751,0.661878589,79.8,62.4,6.372,18,29.624,28.592,1009,4.238,227.4
2022,KAB SLEMAN,2,20,-7.689718,110.3812751,0.613196953,78.25,65.25,15.14,17.0725,29.1375,26.595,1007.5,2.675,147.75
2022,KAB SLEMAN,3,30,-7.689718,110.3812751,0.672430158,79,65.5,3.3925,22.9,31.4175,30.9975,1008.25,3.285,193.75
2022,KAB SLEMAN,4,29,-7.689718,110.3812751,0.624794659,69,60.5,15.5375,22.215,30.85,30.84,1008.75,2.8725,181.25
2022,KAB SLEMAN,5,57,-7.689718,110.3812751,0.444026765,85.8,63.8,5.192,23.142,30.616,30.228,1008.2,2.94,151.6
2022,KAB SLEMAN,6,55,-7.689718,110.3812751,0.425221326,80.25,67.5,3.8225,22.3375,29.355,29.0625,1009.5,3.055,175.25
2022,KAB SLEMAN,7,65,-7.689718,110.3812751,0.450615281,74.75,65,0.5275,21.1475,28.6,28.2975,1009.75,3.4075,143.75
2022,KAB SLEMAN,8,48,-7.689718,110.3812751,0.452760939,88.4,64.4,4.73,21.536,28.512,27.89,1009.8,3.37,185.2
2022,KAB SLEMAN,9,57,-7.689718,110.3812751,0.38313211,82.75,64,0,22.1525,29.3425,28.69,1010.75,4.1375,178.75
2022,KAB SLEMAN,10,76,-7.689718,110.3812751,0.476520089,91,67,7.238,22.812,28.816,28.672,1010.2,3.85,196.6
2022,KAB SLEMAN,11,46,-7.689718,110.3812751,0.617866557,82,71.5,11.5675,22.7225,28.88,28.405,1009,3.2875,199.75
2022,KAB SLEMAN,12,46,-7.689718,110.3812751,0.649727043,71.25,70.75,5.3,22.425,28.08,27.8575,1008.25,3.0825,227.25
2023,KAB SLEMAN,1,75,-7.689718,110.3812751,0.654108798,73.4,63.8,11.918,22.508,29.88,29.58,1008,3.936,223.2
2023,KAB SLEMAN,2,31,-7.689718,110.3812751,0.611176966,73.75,62.75,10.335,22.25,30.4475,29.5575,1009,4.195,242.25
2023,KAB SLEMAN,3,35,-7.689718,110.3812751,0.69076716,56.5,54.75,11.7875,22.6275,31.2725,31.165,1009.5,3.7475,181.5
2023,KAB SLEMAN,4,46,-7.689718,110.3812751,0.609062249,70.75,58.5,6.325,22.3025,30.915,30.745,1008.5,3.8525,187.5
2023,KAB SLEMAN,5,42,-7.689718,110.3812751,0.453431579,56,58.4,1.42,21.86,30.222,29.966,1009.8,3.658,173.4
2023,KAB SLEMAN,6,37,-7.689718,110.3812751,0.42887862,55.75,59,0,22.015,30.11,30.0325,1010,3.91,145.75
2023,KAB SLEMAN,7,39,-7.689718,110.3812751,0.459739971,62.4,61,0.022,20.612,28.728,28.334,1012,4.322,168.8
2023,KAB SLEMAN,8,31,-7.689718,110.3812751,0.414668733,35,45.75,0,19.825,31.045,30.7625,1012,5.1325,186.25
2023,KAB SLEMAN,9,44,-7.689718,110.3812751,0.399103881,40.75,41.5,0,19.44,31.3025,31.3025,1011,5.9325,176
2023,KAB SLEMAN,10,59,-7.689718,110.3812751,0.477452136,48.8,32,0.024,21.37,35.576,35.576,1010.4,5.936,185
2023,KAB SLEMAN,11,51,-7.689718,110.3812751,0.61558642,70.5,60.5,0.385,23.1625,30.4275,29.655,1010.75,3.715,199.25
2023,KAB SLEMAN,12,24,-7.689718,110.3812751,0.63607089,91,55.5,2.845,23.0525,31.1,30.89,1009.75,4.3,198.5
2024,KAB SLEMAN,1,108,-7.689718,110.3812751,0.640127488,75.6,65,11.69,23.208,30.51,30.2,1010.4,3.588,238.8
2024,KAB SLEMAN,2,125,-7.689718,110.3812751,0.597087382,78.75,64,10.1925,23.405,30.5,30.3725,1011.25,3.5975,219.5
2024,KAB SLEMAN,3,137,-7.689718,110.3812751,0.700941807,92.75,69,9.29,23.4025,29.505,29.2325,1009.5,3.145,181.75
2024,KAB SLEMAN,4,263,-7.689718,110.3812751,0.579984973,79.2,62.6,7.91,23.384,31.058,30.996,1009,3.074,193.8
2024,KAB SLEMAN,5,259,-7.689718,110.3812751,0.455702362,75.5,59.5,0,22.3975,30.4625,30.18,1009.75,3.46,170.25
2024,KAB SLEMAN,6,177,-7.689718,110.3812751,0.426479492,72.75,66.25,0.25,22.11,29.4325,29.2175,1010.75,3.7125,179
2024,KAB SLEMAN,7,212,-7.689718,110.3812751,0.455248397,55.4,55.8,0,20.298,30.002,29.156,1011,4.312,153.8
2024,KAB SLEMAN,8,90,-7.689718,110.3812751,0.390666569,30.5,48.5,0,20.855,30.72,30.72,1011.5,5.7175,170.25
2024,KAB SLEMAN,9,110,-7.689718,110.3812751,0.418441109,65,50.2,0.196,22.612,32.872,31.42,1009.8,4.77,184
2024,KAB SLEMAN,10,120,-7.689718,110.3812751,0.427156945,67,50.75,0.605,23.065,31.6975,31.2775,1009.5,5.25,194
2024,KAB SLEMAN,11,126,-7.689718,110.3812751,0.625652325,85.25,62.75,12.975,24.7125,31.48,31.1925,1008.5,3.015,192
2024,KAB SLEMAN,12,147,-7.689718,110.3812751,0.625835189,90,69.5,27.48,24.43,31.0275,30.3825,1008,3.2875,224.75
2021,KOTA YOGYAKARTA,1,0,-7.8239138,110.3479391,0.671415523,90.75,65,29.8125,23.925,30.5775,30.1,1007.75,3.7625,225.75
2021,KOTA YOGYAKARTA,2,0,-7.8239138,110.3479391,0.624715032,76.66666667,66.765,30.12,23.8325,30.7,30.045,1005.0175,3.3375,202.6666667
2021,KOTA YOGYAKARTA,3,3,-7.8239138,110.3479391,0.677227946,67,62,10.878,23.864,31.664,30.726,1008.6,4.304,223.4
2021,KOTA YOGYAKARTA,4,11,-7.8239138,110.3479391,0.657227321,56.25,59.25,4.0175,23.615,31.2375,31.225,1009.5,3.4925,183.25
2021,KOTA YOGYAKARTA,5,2,-7.8239138,110.3479391,0.404300369,49.4,57.2,0.262,21.566,31.014,30.948,1009,4.322,160.6
2021,KOTA YOGYAKARTA,6,9,-7.8239138,110.3479391,0.469766351,59.75,63,4.1825,13.0575,30.3075,30.295,1010.5,3.4775,172.75
2021,KOTA YOGYAKARTA,7,0,-7.8239138,110.3479391,0.459512698,55.5,56.25,0.0675,16.94,28.36,25.41,1009.75,5.0475,137
2021,KOTA YOGYAKARTA,8,6,-7.8239138,110.3479391,0.442930568,62.4,59.6,0.222,22.838,30.072,29.918,1010.4,5.292,159.2
2021,KOTA YOGYAKARTA,9,4,-7.8239138,110.3479391,0.428059475,83.5,64.75,2.67,23.1225,29.4175,28.885,1009.75,4.9975,155.25
2021,KOTA YOGYAKARTA,10,6,-7.8239138,110.3479391,0.467686265,68.75,56.25,4.13,16.67,30.845,28.225,1009.25,5.4675,180.25
2021,KOTA YOGYAKARTA,11,22,-7.8239138,110.3479391,0.644888359,96.8,73.4,14.7,19.248,28.224,25.368,1008.6,2.842,240.6
2021,KOTA YOGYAKARTA,12,13,-7.8239138,110.3479391,0.65949528,85.5,62.5,7.135,18.59,30.58,27.825,1009.5,4.1475,222.5
2022,KOTA YOGYAKARTA,1,28,-7.8239138,110.3479391,0.636920824,80.4,64.4,7.12,18.808,29.718,28.782,1009,4.442,232.4
2022,KOTA YOGYAKARTA,2,4,-7.8239138,110.3479391,0.690017417,82.25,66,21.7425,17.8325,29.5775,27.11,1007.5,2.9025,199
2022,KOTA YOGYAKARTA,3,7,-7.8239138,110.3479391,0.658135736,76.75,66,4.3025,23.605,31.4725,31.345,1008.25,3.74,209.25
2022,KOTA YOGYAKARTA,4,8,-7.8239138,110.3479391,0.631071097,70,63,4.08,23.7525,30.95,30.855,1008,3.375,185.75
2022,KOTA YOGYAKARTA,5,13,-7.8239138,110.3479391,0.438105546,86,63.8,4.216,24.006,31.074,30.656,1008.2,2.93,160
2022,KOTA YOGYAKARTA,6,16,-7.8239138,110.3479391,0.463677473,77.5,68.5,4.165,23.31,29.6075,29.3525,1009.5,3.75,169.5
2022,KOTA YOGYAKARTA,7,19,-7.8239138,110.3479391,0.441212416,73.25,66.75,0.2175,22.34,28.725,28.47,1009.5,4.08,141.75
2022,KOTA YOGYAKARTA,8,27,-7.8239138,110.3479391,0.433797359,90,66.4,5.312,22.6,28.448,27.95,1010,4.142,167.4
2022,KOTA YOGYAKARTA,9,19,-7.8239138,110.3479391,0.43900397,81,65.75,0.655,23.105,29.2125,28.755,1010.5,4.7,165
2022,KOTA YOGYAKARTA,10,17,-7.8239138,110.3479391,0.49618771,93,68,5.686,23.778,28.882,28.818,1009.8,4.182,189.6
2022,KOTA YOGYAKARTA,11,12,-7.8239138,110.3479391,0.655590683,82.5,72.5,13.06,23.5375,29.025,28.5225,1009,3.81,195
2022,KOTA YOGYAKARTA,12,9,-7.8239138,110.3479391,0.63826001,70.5,71.5,6.6575,23.4625,28.4525,28.1975,1008.25,3.3825,218.75
2023,KOTA YOGYAKARTA,1,13,-7.8239138,110.3479391,0.618615781,70.6,65.8,9.644,23.404,29.92,29.606,1008,4.272,224.4
2023,KOTA YOGYAKARTA,2,11,-7.8239138,110.3479391,0.682806784,70.5,65,20.135,23.2075,30.305,29.7125,1008.75,4.905,257.5
2023,KOTA YOGYAKARTA,3,6,-7.8239138,110.3479391,0.667253275,54.5,57.75,8.86,23.5775,31.2625,31.205,1009.5,4.0575,195.25
2023,KOTA YOGYAKARTA,4,7,-7.8239138,110.3479391,0.608675675,68.5,61.5,3.825,23.2225,30.82,30.69,1008.5,3.865,200.75
2023,KOTA YOGYAKARTA,5,9,-7.8239138,110.3479391,0.454510233,54.8,60.8,1.014,22.874,30.23,30.068,1009.8,4.42,164.4
2023,KOTA YOGYAKARTA,6,5,-7.8239138,110.3479391,0.461349712,55,62.25,0,22.9275,29.965,29.8875,1010,4.37,178.5
2023,KOTA YOGYAKARTA,7,6,-7.8239138,110.3479391,0.457131219,62,63,0.06,21.694,28.67,28.328,1012,5.334,156
2023,KOTA YOGYAKARTA,8,5,-7.8239138,110.3479391,0.409342568,36.25,51.5,0,20.6675,30.2325,29.9975,1012,5.5675,173.5
2023,KOTA YOGYAKARTA,9,16,-7.8239138,110.3479391,0.455376517,41.75,47.25,0,20.38,30.365,30.3375,1011.25,6.5475,167.5
2023,KOTA YOGYAKARTA,10,11,-7.8239138,110.3479391,0.487757509,43.8,40.8,0.026,22.122,34.09,34.09,1010.4,6.634,177.2
2023,KOTA YOGYAKARTA,11,23,-7.8239138,110.3479391,0.674498708,69.75,60.75,1.0675,24.1025,30.695,29.945,1010.75,4.1275,181.5
2023,KOTA YOGYAKARTA,12,5,-7.8239138,110.3479391,0.64632551,90.5,57,2.6925,24.095,31.05,30.8775,1009.75,4.6325,190.25
2024,KOTA YOGYAKARTA,1,7,-7.8239138,110.3479391,0.634599965,79.2,66.6,10.478,24.106,30.602,29.952,1010,4.114,204.8
2024,KOTA YOGYAKARTA,2,19,-7.8239138,110.3479391,0.687602722,76.5,65,8.82,24.2025,30.73,30.5775,1011,3.885,224.75
2024,KOTA YOGYAKARTA,3,27,-7.8239138,110.3479391,0.649494678,91.75,69.25,11.3475,24.2725,29.7075,29.6075,1009.25,3.67,181.25
2024,KOTA YOGYAKARTA,4,37,-7.8239138,110.3479391,0.587966457,79.8,64.8,4.536,24.362,31.138,31.11,1009,3.74,176
2024,KOTA YOGYAKARTA,5,10,-7.8239138,110.3479391,0.42838128,74.25,62.75,0.0275,23.4025,30.36,30.085,1009.5,4.485,154.25
2024,KOTA YOGYAKARTA,6,25,-7.8239138,110.3479391,0.486960069,72,68.5,0,23,29.48,29.34,1010.75,4.575,160.25
2024,KOTA YOGYAKARTA,7,21,-7.8239138,110.3479391,0.445991567,51.4,58.4,0,21.75,29.734,29.174,1011,5.262,154.6
2024,KOTA YOGYAKARTA,8,17,-7.8239138,110.3479391,0.419701137,30,54,0,21.2375,29.655,29.4425,1011.5,6.235,160.25
2024,KOTA YOGYAKARTA,9,19,-7.8239138,110.3479391,0.458590639,63,55,0.364,22.82,32.718,31.046,1010,5.526,171.6
2024,KOTA YOGYAKARTA,10,14,-7.8239138,110.3479391,0.447277425,68,52.75,0.22,23.5975,32.21,32.18,1009.5,5.58,184.75
2024,KOTA YOGYAKARTA,11,23,-7.8239138,110.3479391,0.651420132,86.25,62.25,16.5325,24.25,31.89,31.68,1008,3.105,204.5
2024,KOTA YOGYAKARTA,12,23,-7.8239138,110.3479391,0.654659299,90,69.75,35.4975,24.065,30.3725,29.44,1007.5,3.6425,223